ACTA2,ACTC1,APC,APOB,ATP7B,BMPR1A,BRCA1,BRCA2,CACNA1S,COL3A1,DSC2,DSG2,DSP,FBN1,GLA,KCNH2,KCNQ1,LDLR,LMNA,MEN1,MLH1,MSH2,MSH6,MUTYH,MYBPC3,MYH11,MYH7,MYL2,MYL3,NF2,OTC,PCSK9,PKP2,PMS2,PRKAG2,PTEN,RB1,RET,RYR1,RYR2,SCN5A,SDHAF2,SDHB,SDHC,SMAD3,SMAD4,STK11,TGFBR1,TGFBR2,TMEM43,TNNI3,TNNT2,TP53,TPM1,TSC1,TSC2,VHL,WT1,capture
42.11067291363555,41.51526022000247,39.736324915182585,40.321249165705545,40.786610591174224,40.86666865176981,40.65357914152576,39.67204403225456,41.65919577780024,41.39284936947597,41.508802403151186,40.38435334475702,40.20585148443882,42.26754950219618,41.103644494137804,40.3289734608474,42.24717566300813,41.539244493454646,40.905813269975845,40.677833861933124,40.97374079641152,41.3346934299822,39.62992718611622,40.437533082742284,41.083278967800936,41.87039496078123,41.161353206403014,43.166150625227736,41.660460993623,41.643476235446066,41.69041191757017,40.720304227858016,41.02639047701417,41.12705414922889,41.954016110678225,40.70768554666663,41.45345688727017,41.30796863094721,41.11087881843244,41.432570917996344,40.68714109857301,41.0064394538093,41.84871101545489,41.784689114992986,41.857835973345786,40.72141458857428,40.41912427700672,41.94440631846468,40.99599276141451,41.9761722909357,41.683849622373465,43.07939054464165,41.24686847562881,41.60194928149453,41.20407484442747,41.50453869531073,40.00093496604472,41.56485992440005,Nextera
44.85932901090005,42.88439720867433,41.4573044281199,42.20935038662765,42.99177145319788,47.131828836258954,43.7466551335822,44.75820874451175,43.77033178054289,45.836366829179084,43.55822391174317,43.38543902332789,43.64184591284846,45.07816136313296,44.47673332620849,45.0969399707203,45.82765665847245,42.875330297846794,44.4182074127233,44.78778905736229,42.76918982405805,42.445018433179726,43.38677951054636,42.72141819173734,43.012553003435784,43.55548563219567,43.43415091677022,45.50455252238521,44.74885859695929,43.04399726526849,42.32837607156878,45.60248149917961,43.06311307982392,44.17519483786916,43.81425188338232,46.80293258407872,44.272877725856695,43.33643766757706,43.714312032875156,44.671418821933884,42.81349575023491,48.3994575045208,44.10702977761025,45.101979805836436,44.086341792735126,41.75254915366785,47.06479549150329,45.091995103617116,43.3072408706796,44.07583752216961,46.06905072711161,45.955639512506046,42.25434006327886,48.46680393880197,43.82337912671275,45.0003595729154,47.20517239237896,47.34817614447365,NexteraCap
41.39827649604841,42.40103638773565,41.37864203918863,41.29829721702696,41.87401434252512,42.46038617313884,41.71434598920109,41.891433452608275,42.561378078159905,43.12241783394141,42.334052870676736,41.62967083395465,42.04291572712562,42.27450023341205,42.721718544542675,42.70307805840568,43.631769816497005,42.428623129998314,42.46197982208547,42.980571973623874,42.917829656803235,42.210587524085675,42.15373339129607,41.77380458316099,42.067783235690946,42.23920726911666,41.68107008648602,44.83652682582562,42.006307206234105,43.27844236040539,43.04717761884063,43.804443796700255,43.05941047097873,42.295479999161465,44.061562090245225,44.58879215960029,43.76807205647888,43.140899624500676,42.736614655268355,42.91477148522818,41.33159364985676,41.599258146803415,42.95197342944394,43.11925723985843,42.13381180456641,42.546066966232175,45.08752913581161,41.909882096530275,43.269516540789695,43.15043700919108,42.971248608801815,43.56900376431685,42.451703187512955,45.76862280756709,42.59712850859842,42.746377071250805,47.275600776183566,43.03639430308218,NexteraCap
44.945745717334724,45.25530830621721,42.816493839386766,42.979763289994146,44.74185413088492,44.21845827041616,43.40126247644087,42.678109593161146,45.71331634687,45.666250089044176,44.03495024103135,43.23586695449208,43.47926239338228,44.32894397202673,43.77627307679572,43.651109605335364,45.53742298203964,44.62872582211966,44.783156809088695,44.15486261549699,45.78180777642336,43.249006218152786,42.52854882605198,44.66137154735529,45.03985711489291,45.35502312448668,45.231383246528,46.17829726891159,45.243439612505334,45.60394512478624,43.94876104623379,45.816269392380136,44.79376618741264,43.4125762696974,45.06236261306898,45.37655179321729,44.417279658475316,45.013536099522064,44.93569063144133,44.81171701998144,44.450179430927385,43.83918285475116,46.2445085848144,45.24153997078369,45.40283550185484,44.70963599195487,44.93446558170716,44.41293330285923,44.718675436192115,46.451775366740826,44.80403181492855,46.99621304625854,45.008570294521135,44.52247455012864,44.80239918388981,45.23001298980119,43.94679385895168,45.13360378935988,Twist
46.49972275336272,45.49533775182798,43.4327744767435,43.51983980242779,45.40936953350685,45.400558075206376,44.445882767012314,42.820307202731186,46.96491392390779,46.82955580730144,45.148422423670105,43.99052627863954,44.431313860025504,46.233892471379505,45.55215988278178,44.42373232799327,47.80221592228168,45.55624569560502,46.02917758191402,44.3965197548998,46.289007154620755,45.281270255306666,43.21678936265025,45.65341887562217,45.88334198408022,45.99311091943486,45.821786447747954,46.55504329795875,48.50131043499553,46.857583581500954,45.39335487330454,46.29541323701798,44.8889436861229,45.02862311848134,45.95131798624251,44.211067279102345,45.04934830398917,45.91176335468277,46.151384615051825,45.709003082445456,45.28822701484426,44.908870103396275,47.29527873657236,44.90749498801621,44.77206723915658,46.38443530785028,46.52031895063119,45.71840139879137,45.107390982075145,47.3282957643923,46.74582666071125,48.61971131993277,46.082414746629226,46.0518054863438,45.822801554578895,46.1166947903472,45.4768903917599,45.675135390233,Twist
45.20639451536832,44.4027140530674,43.17007040886395,43.14937669059873,44.2878284945631,44.55146334452051,43.6074148816677,42.78692182766964,45.37211647809277,45.488687821966536,44.71952720033334,44.22203688383913,43.38129645892906,45.34947295979319,44.54805700768892,43.52484779583317,44.56079172291028,44.106113729890446,44.897291684125385,43.53642255356462,45.19548459027238,43.98555860791557,42.73147708872068,44.82765756459757,45.28695959731109,44.84746939275333,44.9819887414294,45.98977200373105,45.9393353378028,45.91350755881142,45.0681996445618,44.98502853827174,44.35530533660013,44.171326949183154,46.476183306242085,44.107581295749966,44.6492704520887,44.88380524795581,44.818467804218685,45.0241537419888,44.48912845573892,44.79045276743934,46.22692135451027,45.33935294263304,44.138017120603074,44.927522064836836,43.51872383587769,44.50824540732241,44.640048821093345,46.27380133995034,45.01194265625763,47.25984288701678,45.104062090077676,45.19527694154857,44.719465242968454,44.87336515753172,44.19380059395111,44.12289801022958,KAPAEnzyme
43.7592284058162,42.93567255260013,42.10916064299064,41.97098076487535,43.49070791203045,43.105618607162924,42.688211701075154,42.13845548370384,44.35312512998306,44.72426736664417,44.44515157595229,43.46621717825332,42.37519773490615,45.07931630806078,44.670229150478185,42.36423006607117,45.175808314078346,43.776479550988306,43.29982000375267,42.444357999378354,44.560516851303305,43.93909883046431,42.216481702310155,42.63324895055935,43.360206314322205,43.792507876777265,43.270030958310095,46.09491019410383,43.83629978787745,45.189558468314594,44.22828566973703,43.12220691943823,43.00576709146836,42.89225751376461,44.497694575425754,42.94163969456058,44.29079763207949,44.067436761008935,43.62026445517773,44.18404730338342,42.86664755986702,43.25625073251928,44.11339700148513,43.26955922411297,43.45177935151763,44.92936038112789,43.05896922103354,44.7069473091386,43.381638163145354,45.67705442137746,44.8170387496365,45.102161329992505,43.587156105268484,43.70831034402404,43.96611626918458,44.12809814317069,42.90044120051524,44.26899427574715,Nextera
44.620757111942865,43.860387158289,41.90515884655221,42.10372364592211,43.834276884235756,43.470786736967995,42.76888061262057,40.92805237149962,45.665292346677035,44.609547851182896,43.35550648506827,43.143409456350604,42.76645323348726,43.74778837504928,44.75815459694419,44.58027772038941,45.86490964143588,44.144337030830414,43.94164669873442,43.77408673892288,43.6243420453221,42.9036362749409,42.30558867766685,44.01793614143204,45.21341069664245,44.587061564122614,44.50004155514752,45.71881665163785,45.641594258374326,45.59785386208004,42.912750176458175,45.41620502653644,43.85247309187928,43.42017614404777,44.57930730242152,43.409401827787754,43.21112785895022,45.053406474920074,45.14956116358058,43.87865561648619,44.35426616703618,41.920013119658286,45.55652574892929,44.5303559690669,45.50178069957327,43.760220704229944,45.35993327699922,42.94043996267189,43.55000503036354,46.5011722555712,45.87722800871079,47.62791531091664,45.35447318521072,43.75408143617024,44.222271805376145,45.67180591984571,43.23936915504754,44.670897032866066,AgilentQXT
48.05426024363234,45.89025360943966,43.75003836533002,42.3376381446393,43.16654907147546,46.06967347897581,42.84554562686163,44.031461932181706,45.247839575134634,47.70778583718578,46.99897986715707,42.69859460018149,43.293693887908155,45.96166534553801,42.99992708901612,43.66401539152,44.732879610162044,44.74668162843826,44.14888205030161,43.73786554892205,47.29151696606787,44.36450872359963,42.20032483758121,45.660036251342646,44.137211938260684,43.80114055690772,44.9902258062755,45.73479225242112,51.52210627832097,45.76261441898696,47.814878608923884,43.89098430270017,42.00790903865984,49.51629987298581,45.97154150586471,43.20968113124663,44.44239043023724,46.100287779600045,45.174577097425136,43.81662759688959,43.50806897813055,36.5586917562724,40.158593563053365,41.61313866313866,47.480512059047236,41.54844704712755,46.590913682980904,44.90872549019608,45.450224938460224,43.50651622146467,47.64318388465827,48.030625951684776,44.57934201976885,44.92905152998611,44.727487303625345,44.89852246817237,48.29663536776213,48.82163895790929,NexteraCap
43.73574364125954,42.97314973152568,42.168348846658894,41.89556199684918,42.62619134749205,43.83727090435804,42.49660561138885,42.31186823820946,43.4471507973742,44.10913113936765,43.77498641320206,42.98153765148149,42.682523611000626,44.22526335807915,43.56955495187248,44.686827246286,44.97044310429585,42.62355949286292,43.30929816450222,43.082332159892644,43.604885382781326,43.207847580379884,42.32209866739962,42.83523952874367,43.221990972646324,43.12440131288483,42.96904617583832,45.54644524610216,43.09879411403207,44.2681559465238,43.86830095732719,44.19394034955403,44.05074271160065,43.15789656081309,44.674369431004955,44.46192524063945,45.33268629587474,44.25160703206851,43.46153507274145,43.44792554187157,42.15133855064078,42.53726900912087,45.06198558701876,43.1487812083598,43.419292111119695,43.61400310387066,45.09824174563112,42.50855199696882,43.24444001998644,44.299057179625756,44.298000705708475,44.79171082125983,43.52353826463756,47.296384964913,43.11023711521906,43.41757330524481,48.38421750399359,49.187887779993474,NexteraCap
44.27639526163189,44.303135536622456,42.63043399110345,42.40459205996645,43.65691879584865,44.738616015197536,43.42752268321139,42.12456793406581,44.65720689882533,44.744784516056136,44.11682044169703,43.258666708919066,42.981544583758286,44.40611692876424,44.85476045440914,43.223833352286434,44.597098260282216,43.36254558989017,43.030740994897684,43.00143341548678,44.498958628184354,43.57804832472625,42.39251647024079,42.52918092932642,43.68294810791079,43.891005218518245,43.71952909877935,44.62441718471137,44.70942823300424,44.21626495149152,44.937812656957774,44.57250576326782,44.13553141817769,43.48116722964442,44.149291384402446,44.68075443853257,44.32455540085192,43.72101631670199,44.21082651399002,44.283551147384316,43.080733662432834,42.05603960741761,45.30269222412609,46.39992875631982,43.449433881948714,42.96861799965699,43.73485323791285,44.65339344300989,43.860271472737494,44.49665996416207,44.68977296138141,45.66962508069932,44.412882205017766,44.37348842811592,43.79742317206805,44.01192180918665,43.416491206235406,44.96531718860917,Nextera
44.563371213003265,43.507720250287456,42.95147419509225,42.674235161885576,43.43854656560865,43.946526439662314,43.124717186724745,42.35252124008864,43.56605794575742,44.400249335041465,43.50012625143392,43.318121998192,42.75598657692566,44.32584700035311,43.65781328632878,42.779955574670225,45.49303159818549,43.42796588805314,43.532499969715566,43.36824277092379,43.897194192153705,43.96439628456069,42.504809925419636,43.209687990903,43.27549486256177,43.780564463883735,43.28900404760069,44.24821602941865,44.19004568484338,44.48542600266715,44.32429959702315,42.91536371089183,42.69258991854795,43.46420905376476,44.19411183213047,44.02337188342579,43.63122742287795,43.531842710597175,43.54169004204989,43.991979173119496,43.11517200628067,43.042973184314555,43.551823852033756,43.61116204567214,43.23956644108977,44.149164560840575,44.11382006713721,44.733072884792286,43.790838565460845,44.0792092719,43.991739894347006,44.59250201480476,44.109070453076825,43.92205550824729,43.42750696086175,43.35758696295499,42.48769343651479,43.93894733072407,Nextera
42.370325259291945,41.87600145245552,41.242771956840244,41.22820886139661,41.35827167641996,41.38124896224163,41.07600507740688,41.12349913422243,42.31786182711947,41.36882055303311,42.339021446636075,41.94622133944541,41.8472456563102,42.606236988495375,41.968203246216284,43.73391211221291,43.320802996271134,41.98756057862577,41.982159087596386,41.404997480961434,41.83819413363091,41.9772977837403,41.57824473291896,41.47467409087799,41.866771683476095,41.96246955147589,41.81661194747773,42.648999971443395,42.23179354498023,42.679018762385745,42.3333970043901,43.12357147647361,42.525754611770154,42.29318943324526,43.523098442564624,42.206284702778795,43.27626243211231,42.44092438557326,42.22892532249977,42.18980896967338,41.13603838987991,41.938005004159535,43.048743263899446,41.97840326748093,42.57614055654183,41.6711536559205,44.22840778324493,41.67300842541502,42.14626301262368,42.50291807788045,41.01661797065203,43.4760346578377,41.71812753367473,44.54761590112929,41.944587885701395,42.5700494393208,48.81740863510363,45.9209386155982,NexteraCap
43.74317961516829,43.25893366967986,42.541759028655655,42.62137398553929,43.72387905471486,44.23576809792262,43.41805747113978,43.189106917008715,44.07860695021871,44.59100855013688,44.56883492856781,43.79899835365947,43.59004685247731,44.924336977833185,44.15353896834762,45.42671981971043,45.235812029679785,43.302593323856954,43.353846890187306,43.7758379951232,44.254141434924264,44.65326360127903,43.17941538359099,43.23954399514187,43.89493855726639,43.79614766623129,43.533122806908985,45.68750581673362,43.66953229869624,45.15700749398164,44.42403737653641,45.08084142827891,44.898107163117544,43.990898109189814,45.600675531862414,44.73817045640808,45.70774233373838,44.6498533154623,44.33750690784238,44.49441995420644,42.77298907756706,42.59104956013554,45.74595865389671,44.301404366758106,43.657212046033955,44.06697741253354,45.93662284450545,44.167014946086724,44.05946134135634,44.624103695477665,44.157243415896886,44.49273157512733,43.93602738990807,46.93177920061553,43.89234319322627,44.05648617862824,48.24122853187427,48.33677325980733,NexteraCap
40.127119873310214,39.81923050265204,38.938563588249366,39.0731997300626,39.64116663960473,39.81940940973998,39.35282325250957,39.092072050603434,40.37199773087147,40.33932307393876,39.817269892180896,39.47616647677618,39.314292079371405,40.20606364704007,40.22644527292165,39.177280421826765,40.284997483431574,40.274357436321694,39.57219427839842,39.304727755162645,40.52724534754935,40.72392880734671,39.20857098714397,40.37852194937795,40.14668604583242,40.109152192321545,39.76178412241161,41.07669794305002,40.2860645845871,40.96083113161635,40.64506996078825,39.63864665591352,39.785335554265885,39.783178207518034,40.40205909148706,39.96345432035674,40.54492381670645,39.9033940649739,39.77088594004798,40.260249152864326,40.058694939215464,39.68245402742974,40.55030166698495,40.39922469184049,39.68236199819672,39.736396534228724,39.7277419265047,40.20978789658117,39.721496230700716,40.53843696507391,40.657089085723044,40.78774896660103,39.72629530755227,40.25010574234562,39.98535273334344,40.2991992144521,40.05412448396256,39.91094718968212,KAPACovaris
45.34037894400644,44.30340521537019,42.30564561685299,42.614745239827585,44.23067963329427,43.53833073341499,43.26136048474735,41.835829465145714,45.94936635209264,45.49728417150203,43.94267941916332,43.39207313269583,42.91066029620397,44.52205965557019,44.57499285027533,44.40195660014426,46.43601403226743,44.32615173654768,44.72424439711925,43.72858619472416,44.939792786245555,43.56298849745869,42.64674046503367,44.60413213300268,45.822493848059416,44.7788314788723,44.753972576156144,46.76149334177805,45.84065567476804,45.849231423027625,44.652720938466906,45.96951108721495,44.3647433752399,44.327129804931076,44.865225553039586,44.38871411581589,44.44661778986193,44.91686661685554,45.54476006080749,44.30997358853195,44.967982406841585,42.373980861191804,44.98083133563467,44.274491608124904,45.04599984332345,43.834342413755486,45.99335698534308,43.986749275389236,43.9275684053673,47.37310116393307,46.00722908488762,48.16496000471498,45.72692426798959,44.51004722518444,44.55056269204727,46.059329123467,43.786050561401375,44.69017147990925,AgilentQXT
42.87436985029211,41.67081009265157,40.981449773975264,41.031027959570665,41.92594457402704,42.26026653469988,41.7526163824932,40.63000487428065,42.805658524834435,42.835300039077595,42.269934470598976,41.783371563598806,41.37415637184044,42.8337007175032,42.931092414641284,41.41796456666074,43.391063264946986,42.112759769919144,41.79521308132917,42.29050529620304,42.85410469458077,42.00786224481796,40.87186267335543,42.08388220446347,42.64625483455257,42.683283636218846,42.47199632061283,43.13894038293005,42.77956524592261,42.82874285945445,42.52299119390206,42.417159000793134,41.91210474807325,41.84751429453707,43.01313099924073,41.570613167741485,42.049246567897924,42.72784839242358,42.48723207929689,42.64702047665788,42.05461921069874,41.20742852491124,44.737586329666385,42.836656230604945,42.06139589653306,42.306217921686304,42.26234355969867,42.936849621405074,41.90883115835353,43.48572817443733,42.910582651303656,43.70895059901805,43.20564510829562,42.57114967830683,42.1705745005634,42.49585486542753,42.084181496419504,42.469167929731896,KAPAEnzyme
47.542629978859225,46.06641188244122,44.34287571524693,44.57182063743139,46.11532422230646,46.12495950113691,45.31667787610058,43.74840107327987,47.24923896238163,47.772805336042346,45.60080525525975,44.95417037809708,45.03834780603504,46.4850907233341,46.228192338260165,44.91021368827158,46.90393190769435,45.86078410301615,45.70385654508849,45.654871697980624,46.6579698182622,45.005625616532846,43.745813181733126,46.0556548838251,46.51559478347756,46.12088165194312,46.57085964192148,49.715373841986825,48.0580373558776,46.84726059223127,45.76289059996242,46.41103562428926,45.650415741705736,45.046869939703406,47.216710180533696,45.992961043739115,46.494077570460114,46.53086046821971,46.358917572798994,46.756314305194714,46.199610778343896,44.89972936302968,47.00912923872784,46.187840081232004,46.17199318218627,46.81630366783876,45.691943950845825,45.87056255280854,46.49900521737931,47.89842928961326,47.15911311427893,48.493245632256716,46.69993992566562,47.052335417025844,45.9387811082489,47.196607090696496,45.285863479118504,46.78539828419564,KAPAEnzyme
39.8766415228791,39.38897710893999,38.36974198638055,38.33972210283486,39.088160041412635,39.17131268197825,38.700582525912274,38.282660257657774,39.402438088144955,39.38743674318333,38.7341041170109,38.70940788823184,38.74376970512662,39.6141532726431,39.02244810768168,38.76342051302623,39.43546705686449,38.937939559882864,39.22708621223594,38.645136291722494,39.44267975085455,39.02674662422653,38.34626779178043,39.08210303439465,39.11465657176881,39.472395233065654,39.116475907983265,39.89575182523187,39.84918106896671,40.0359531547799,39.54374951136793,39.517678046166246,39.010917390374935,39.12302136592431,39.24520801186424,39.42294783442966,39.35506358403421,39.229852489540555,39.24458497487209,39.30797433268733,39.343165906416324,38.84821418549197,39.758688431482156,39.223945620947646,40.55977857414054,39.30793200772036,38.945935198812336,39.318174444035506,38.92196496796428,39.749015432360025,39.51338241120943,40.090740962768436,38.80843331830024,39.55864934918895,39.268976323586024,39.36893151246673,38.98899923035839,39.23319315015097,KAPAEnzyme
45.58913313354285,45.06454751255538,42.705713297796116,42.7163956462565,44.38576883157011,44.474715681083126,43.44220551904523,42.19975278156517,45.4577197613867,45.81415427416919,43.915639916412324,43.70402011569637,43.39054873979166,44.49698647057438,44.59128613738959,43.86401942124469,45.11057891003322,44.15503437253452,44.15295540749407,44.25778875069521,44.89712329990178,44.256776430873515,42.83927826483992,44.872550437522456,45.17113409066921,45.08257196646459,45.02147538338793,46.9519012305733,45.552279800687124,46.05163159659045,44.803365612279926,45.70446552427671,44.17527560598681,44.11695248340098,45.00200361775566,44.36019133204839,45.20592395742576,45.09775820672008,45.06789650811597,44.729996137728655,44.4914025311879,43.699586392938954,45.31747546902382,45.59085507554316,44.86303554758733,43.612924620526016,45.00069493792268,44.47201796082001,44.379604635466016,45.96097253974988,45.32723507838772,47.06353507913206,45.32354813484195,44.60125713252367,44.907528939301955,45.43905172809369,44.09516601594275,44.69387455019339,Twist
47.849732379282514,48.615366652164404,43.995677415347615,44.70154017364135,47.07011926053029,45.85955524090321,45.03028213420327,43.50472102697024,49.21508567851277,47.12061280851742,46.71915523755134,45.77023099829032,45.348691189819576,47.728001332920876,47.306475760942256,47.265385218032804,49.563252803128144,46.97878111603542,47.53269460576419,48.00071922678626,46.851428057631715,45.68511992667584,44.47868714247567,47.23304915965348,49.226040384749915,47.711984053332166,47.864560337648456,50.06359272704939,49.95705283481671,47.95671052500382,47.270779356289644,48.3904492079285,46.89320779333104,45.86612214603411,46.89531692143823,45.60901984047423,46.03473727020064,48.468940503967545,48.6433466590236,46.903507821670026,47.531647542257346,46.270616802887766,47.59020683530714,47.40234889117019,48.68775799085924,46.50036171417613,47.87524416260306,47.003192073225584,47.35448342714082,49.47776517156026,48.829227565254406,49.20775682112099,48.40601780210072,46.61378504999038,46.877998021587864,48.77500943070965,45.90483176962374,47.546198588515146,AgilentQXT
41.34381382603597,41.086288895693095,39.66545589268559,40.206810405370206,40.376628767055166,40.658089095469265,40.43098445313207,39.38650217177869,41.428812407864534,41.0670459076955,41.33456758089048,40.25582104439904,39.92019838959057,41.828670569981284,41.01025526665654,40.11950072891055,41.79898214522916,41.017024918948266,40.46593431504715,40.10966492257694,40.86934808440148,40.705774956835455,39.3650618619426,40.39815783317368,41.21101399316186,41.74388074902714,41.09150631519716,42.5851501882248,41.132232083005356,41.23331072792874,42.02191010676812,40.550939223716966,41.204132771052905,40.8449232675263,41.670304935681614,40.20464336823429,41.07342555475908,41.09033896353126,40.76523714190621,41.342659218889416,40.379686877906344,40.7179670052772,42.55028091332298,41.12530881985353,41.20844740043606,41.16921523038457,40.45854507296737,41.27476793841349,40.3513994835907,41.610804597608706,41.73771344391209,43.335703411441905,41.010366212215,41.149976915825924,40.771617874285,41.18759557456023,41.683347575586566,41.394922975076504,Nextera
45.78437241750658,44.79801413078646,43.38979979401421,43.379636221235394,44.151300546787276,45.16132978679984,43.82065655112615,43.60654342386549,44.76269032717239,45.43281805219865,45.19816674490492,44.33461474111596,43.85927800966372,45.385568951629416,45.18054627142297,43.80411194200965,44.741130788211464,44.723705358981896,44.0463098101674,43.828594100968715,44.98747267235118,44.49767590948627,42.940585516930604,43.92140601859825,44.63072760410643,44.56837038947441,44.38048791656543,46.49376642890626,44.80924100154042,44.671856032697775,45.106409902720024,44.040692886456156,45.17888040720581,44.992693767534405,44.48955321195464,45.38650697998696,45.00826443066912,43.89039741461313,44.70209502532449,44.84298875798042,43.499284834625584,43.61619452065768,44.71786538575673,45.18339901038396,44.90037235463924,45.36282376787184,44.325082713715254,45.321747850361696,44.30841718385218,45.86746659704484,45.41153824223767,45.39083678942322,44.592839229767314,44.663412394406556,44.65381338146246,44.577218224220736,44.52056939348308,45.91726299819471,Nextera
46.25476861898481,46.30167132118757,43.858046576913,43.84683986874417,45.497475097926035,46.18651461476988,44.67388193237643,43.40548760708052,46.501091112266955,46.61840558696762,45.19341792957287,44.83808903217373,44.56695369417855,45.776445706626596,45.73066291848599,44.88424522361007,46.30407905655953,44.79116106568056,44.44784568195744,44.497191671939476,46.131449318483995,44.495668929499594,43.636086318732104,45.51967158696722,46.07314450118802,46.230500851127246,46.081061632718274,48.03074296724875,46.92110046597723,46.38739413855358,46.11575720498545,46.098294963403156,45.79301351013362,44.6895119692186,46.644760522040045,45.63386071434862,45.902115576722764,46.137670188498895,45.893561692298704,45.918201321616465,45.65845607190086,44.65713565371534,46.93054524326545,47.719344129964504,45.56478982678003,45.59591208413086,45.33026759285026,45.873937541200455,45.35272364399704,47.82931119050677,46.95176614656558,48.03819591241237,45.9765522117828,46.387647168705314,45.4826044249244,46.207361473052224,44.469828525033776,46.3163189202461,KAPAEnzyme
43.559838688667256,43.608499558025834,42.61296335595365,42.841526080490226,42.84025236517926,43.40886569948447,42.67607820145396,42.70147976527922,43.99021046066989,43.22575666843492,44.08727310132962,43.225460481188634,43.55325577526059,44.07429788468219,44.26389012231414,44.5733539303629,45.589860368972474,43.55551565359787,43.14975124140525,43.165475897786614,43.85011512179929,44.01555773161932,42.932571168622054,42.24868054309312,43.28016434581411,43.55584655522762,43.38436313635835,45.56711531116047,43.73305385837413,44.74292982537021,44.61997138550967,44.460315080803845,43.50471648042806,43.79557123711361,44.77246903047394,44.070308358481476,46.0223917707401,44.69267503678091,43.96625013404879,44.0727488590901,42.80914748520069,43.479839114513084,44.50435030000095,42.57378726238527,44.245691685881496,43.276615219645095,45.570039112322085,43.766205044984964,44.057953285181604,43.494178031613146,44.264673130702775,45.333356106791136,43.626218970182045,47.058236198205236,43.23157457182289,43.77850512574305,51.53650092922821,48.56808801853317,NexteraCap
46.16805134209251,45.98065263860442,44.022485046526796,43.99555479757405,45.21955430993966,45.172983970465296,44.51028119724547,43.9418778522319,45.56361336240625,46.01023619499918,46.042348329028705,45.04714497882595,44.2461215054519,46.26070147938044,46.92862660990072,44.484838319905684,47.199103609428825,44.759790835927916,44.43726276081527,44.53841339563526,46.20287734944278,45.35087598358643,44.09159632261456,44.47904969244211,45.32154237400734,45.285969786347316,45.13041396261374,46.40067449334235,45.49254754647745,45.73187526867589,45.69204384681736,46.073096042257404,44.71854381292439,45.3871684320845,45.50822937654067,46.2468840924307,46.22619072055439,45.1991203038876,45.29776205236783,45.67667998923177,44.443339634013064,44.722066407948624,44.63181183380577,46.56790302243891,45.928265836582206,45.379220582653474,45.232105743602695,45.713473775785175,44.77133476137608,46.00573038158094,45.53739752978686,46.5167196147131,45.339592186520306,45.26625168013075,45.0548015861839,45.334210723814664,45.577136452431326,46.04409346039729,Nextera
44.22343297572616,42.77307268303674,41.649818334063134,41.796713807445855,42.766600272367185,43.31387127729293,42.375380194796364,41.488748560439916,43.92517767570973,43.92829992121228,43.38608037577735,42.562726525368454,41.95275966854157,44.050206710707236,43.732027422521135,42.083949134264785,44.38611904197306,43.633949508186525,42.525635715314515,42.09581841202263,43.08280081318921,43.48856248102587,41.92765795188039,42.79232312150308,42.7789186920667,43.02181338907059,42.589737614403916,45.70375843083792,44.52646862190386,44.04998648087954,43.33991886357361,43.38633466605365,42.68989252809139,43.17375750825407,44.34010193404138,43.620852507121164,43.57124272395495,43.382353035147354,43.25911910491408,43.73427170846705,42.21574099155919,43.34038362226686,44.60911116768219,43.334767695956025,42.70227901386035,43.765069637895564,44.50095772891297,44.509938036756324,42.77109783525426,45.06699389632936,44.695143699827675,44.376975627997865,44.31770138821946,43.033232162158676,43.146137796146945,43.152220007547726,42.82058782309983,43.718609835947014,Nextera
46.30944077014761,45.609301697688736,43.04324739921199,42.635766339717065,45.01551636853819,44.465869563365516,43.07183979694887,41.993735411233615,47.912882116224594,46.10532727549049,45.19540826930028,44.03102894349503,43.552599415456825,45.91777670673739,45.49514984985837,45.468708498700046,48.67382358059245,45.258542190249486,46.14312252305876,45.21873220919857,45.9171578751738,44.35348159713064,42.813362682910515,46.291196975505976,47.24974732241088,45.70743246888134,45.841842806062,48.52452254462135,48.159394983396204,46.93109318470032,45.473700705827554,47.11902820975064,44.79529645215911,44.035574259927856,45.965434574537575,43.59816079663839,44.44017734567346,46.30248442075596,46.78225131972888,45.33253036315424,45.39184712734396,44.2397355238153,46.43967828218639,45.813198110282165,47.12687149109703,45.33861935940127,47.37977823018486,44.29709079000325,44.97739561955711,47.67973906062154,46.72293948456763,48.06393290274588,46.74114971028558,45.66826056572872,45.163411841579695,47.36006047317083,44.839649410697284,45.45403418473031,AgilentQXT
41.76988080330248,41.389601564804885,39.79279321693404,40.31324736748779,40.940468580454755,40.84982707938117,40.783562034507,39.62677910652493,41.603982921732076,41.302828164318974,41.104855883601985,40.533201299031134,40.201324454844446,42.272576492928174,41.480894966056134,40.52322737954728,41.792740156688474,41.28171982676878,40.7876380975436,40.45566489453451,40.970513567619946,40.54946654163147,39.67730539047935,40.65731553862143,41.31006711052089,42.16607929723009,41.281431650931616,42.38457280754603,41.03888612852782,41.704196433916785,41.30960984357352,40.78823032677428,41.37661176736338,41.36727679884462,41.898784474702566,40.468096071012,41.60797554289752,41.422121589850924,41.09627815592427,41.67573753903306,40.440526235329834,41.381336185480066,42.15558207416902,41.95756380213478,41.64551749200388,40.945584205791164,40.77207874478808,41.40076054790895,40.82323444080491,41.78685200602114,41.47343114281958,43.81835137870794,41.31886739355681,41.040683684566176,41.14866383106325,41.268808208975564,40.300038136245654,41.45656566185592,Nextera
42.38394518835532,41.94781074995355,41.198974811283364,41.11097627934402,42.0799428844591,42.689813542295106,41.736223411923774,40.935845684812115,41.77002376131123,43.07491722383109,42.3062295891659,41.99673190178239,41.4476922539376,42.16978300634453,42.933906184746334,43.494371694515145,43.045258815713645,41.39625092109135,40.86538635389473,41.413018980932165,42.14930406616168,42.3219926924621,41.13778828259883,41.02321062556203,41.535712013335576,41.85107201483208,41.95276612080453,43.36301656281883,42.45952787851017,42.54070020460551,41.383405916752764,42.96095856626404,42.48190258164219,41.92904951638439,43.90257656385458,42.462511757146046,43.99792256610126,42.5809313107689,42.35900894944942,42.24425917960671,41.178676490783886,42.61732727237971,42.616883072562494,43.20478107550335,41.78606899674542,41.50606272661678,45.524030758531175,41.71451196065541,42.415677729319974,42.801797083122786,43.18952126134058,43.59795235826967,42.5640768094998,45.805062197320325,42.02388293877332,42.47280382830012,47.287529918043624,45.53606726538814,NexteraCap
44.51120094752241,44.07420888823305,42.86259101880812,42.73458441946885,43.77779209808795,44.636708034068356,43.70783419398807,42.8658198603026,44.690743949830996,44.900330446380735,44.95143398106296,44.08147655650658,43.19477838422668,45.407924316588606,44.90086238324727,42.93748942661686,46.085767053803565,43.979941541673504,43.502772539211506,42.52906920068853,44.685405975596595,44.66919195787747,42.2859358171672,44.02900001857708,44.02524436350384,43.79446953382745,43.77996069680421,46.221310937492845,44.696731754417904,44.495599156727486,44.88677029699411,43.55560625732294,43.10488633484593,43.97169618832016,44.5988256593843,44.497028826681024,45.58972751474273,43.88282886747303,44.37164257301484,44.77390628418338,43.727266174935544,44.61031861904457,45.10555614788778,46.23789873570424,45.56962590820769,44.076685944478136,42.86806962266675,45.319169941470484,44.78866688848354,45.00887196153126,45.55598498551843,46.14753882202542,44.53120466675709,45.294494053094134,44.51790862815793,44.42070271740768,45.1365593236234,44.061621468359505,Nextera
43.216711740742824,42.33853552643971,41.72636277285338,41.425128004287075,42.477821136885694,43.04662922558171,42.54321742367257,41.90130162294272,43.077785876978,43.65385462389012,43.428777039833236,42.639248245833905,42.365748796286134,43.92593875400361,42.67301905139418,44.37104844832941,45.03878170800006,42.645977943544246,42.770145190359294,43.32094456673224,43.14774415234094,43.283629952573584,42.765092480704936,42.63147667349315,43.12597819609774,42.93138462138465,42.59499268043186,42.98277547643394,43.891420095677375,43.529819056402076,43.64347617022335,44.70841575375105,43.17260717034998,42.77701795833372,44.2034175025046,43.76012034342375,44.01144135735725,44.080957633339175,43.24532667951081,43.209536680894146,42.01212921927989,42.50585396257973,43.24408677381327,43.14749711579408,43.77284482038198,42.79136652888664,45.453614984727565,42.77432955098369,43.179056723679665,43.5322017197543,44.275717009416596,43.39427724746069,43.23890029337119,46.35144605093138,42.72111896908772,43.515596999981156,48.98249557971329,48.00379183457914,NexteraCap
43.79875161605475,44.119945976888175,42.60497882303673,42.53305992363634,43.98653324533736,44.168809439447514,43.22708663733085,42.788825765952915,44.377390157799,45.21857863302167,44.15654011593988,43.30813862144432,42.898610552228824,44.82426667956073,43.68929454466755,43.862501852812265,45.8169461554577,43.436238758526386,44.972776683826915,42.44831385595225,44.889411920720185,44.00327609680497,42.57671746498537,44.19131874933048,43.71195538826129,43.864587944578524,43.6734388473113,46.19988223769294,44.01988073087463,45.124642295985716,45.09016745735569,44.64927463809897,44.2547591652728,43.47822429132316,44.3579452049244,43.92074909052311,43.65718751730213,43.927449622677486,44.06033266199334,44.49066577361756,43.03866927708887,42.6217113590216,44.118414498304,43.77612969377376,43.2499840187646,43.52708135608807,43.21688998996332,44.28188385562866,43.85000839004865,45.600040819416456,44.16818829843876,46.71541256645805,43.374568307519255,43.508273758738085,44.09326693945311,44.47521141187555,44.81677267285505,43.960851624356565,Nextera
45.70687284584484,45.561330209922914,43.91520422013164,44.17157077106904,45.80275393566026,46.226783954609864,44.68363024654918,43.48370018835389,46.32415787907154,46.77821926003433,45.298330599102044,44.93794526623091,44.72328191701098,45.85864827320304,44.649969918567635,45.022836459528094,46.02990993671834,45.15785899481847,44.59604473217466,43.910321879074274,46.10779658370844,44.5045110062722,43.51508518924965,45.36523005785118,45.96623846093994,46.17256626135745,45.84713325884253,49.310827374391174,45.90040871116612,46.754391695266044,46.77431054095574,45.81935936647907,45.108012008534274,44.83753645109052,46.278282494187536,45.49786041965541,45.823615041790546,45.75896255031139,45.88024897444273,46.226180257481786,45.56857343690982,43.107796471693455,45.78586622319983,45.839260095777604,45.00049486121464,45.14135446764044,45.21457611145266,46.2206623916475,46.10099704652202,46.95086187950343,47.6747158069694,48.31686086421229,46.60765866680021,46.37409806743007,45.712949288662436,46.243629313231104,44.88164992773472,45.95236544077924,KAPAEnzyme
45.08934294062607,44.85697439050634,43.39335533893386,43.47926703445638,44.18943565578565,45.30212762272475,43.91933909434378,43.464468888516826,44.883303370540105,44.93169913107861,44.453457190106526,44.4626826337442,43.77704127827649,45.49097453474464,44.902440291627016,43.26594806389883,45.79368639871393,43.81866183117315,44.04095950583258,43.2320720539529,44.584054295059175,44.66851595859584,43.41861848077715,43.61535491537278,44.630976283908836,44.73126655934944,44.43813341786361,45.24148491882014,45.10490840371232,45.29298673802568,45.17245084956455,45.89970726660599,44.556115347713074,44.44072557622098,44.53477226609052,45.61264564079285,44.93586397006936,44.27748412804271,44.917790061608045,44.82613103233517,43.626190368247364,43.91482524514358,45.510185610585026,44.45880109474007,45.046015710498,45.52718827307357,43.80952880125902,45.861077636954086,44.415821769283525,45.50621532364102,45.72134147574838,45.17212563132814,44.53060679905793,44.14463270264657,44.61801762528543,44.2370975651406,44.23462846615967,44.43502982276994,Nextera
47.069088946318764,46.37088766701576,43.76837540161169,43.650189054182626,45.746882912913655,45.28478902388017,43.81890984547637,42.661119618550245,47.51579371026674,46.28735331306037,45.014219493624964,44.707638823148834,44.43733370670547,46.444441763206505,45.639284480742376,45.81779078607355,48.09265988211725,45.00155414747916,46.362935989013934,46.02750147824766,46.47150147787792,45.44896297641484,43.940464049342324,45.30103992277233,47.48892762328285,46.620363483573776,46.38410783323744,47.87103395188451,47.98029843031152,46.700166124679235,45.83399204004086,46.659030696231106,45.91512133085864,45.251145008976145,45.60109400675032,45.32124090309902,45.2091930371438,47.41340155461005,47.37440343251915,45.90912248158081,46.78538188427275,44.66018082208992,46.94624441067941,47.46553446810395,46.69402345295682,45.50825763133072,47.12784555143348,45.4855339677281,46.27232133917806,48.07686285788561,46.99464295141354,48.66508730376594,47.07166183834873,45.41353382498728,45.782098804815966,48.06605324070551,46.59653047597398,46.67755497841207,AgilentQXT
41.390722520373686,43.395863181322596,43.016984484058725,41.99536871247337,42.99799974090155,42.24385126031088,41.57159002409002,44.761387950450455,43.30200715877178,44.16990136973789,42.713297485830545,43.55892621857299,41.62942999585946,43.943546019656125,40.61564450528233,42.20699986700766,43.878207640095816,42.57288373525266,43.86601075806811,42.51830954926446,44.94340218756928,42.978191344246035,41.38504007001997,44.35523972715123,42.51116658215186,43.14230351673046,43.7508673302767,44.829832468360195,43.7146618794292,43.31313087348971,46.60277440259214,46.48623025623026,43.3767457359704,44.009639117243715,44.935516565314195,40.12810865128216,45.18885466575404,43.95318656346229,43.59689476921934,43.374281422520696,42.48440871630798,36.398069498069496,45.98667030248663,42.67847769028871,44.38515758293452,47.76375590580634,46.26421433663354,40.01747017287558,44.32212271901988,43.68753335706821,45.42194261762676,45.05127356574986,42.50156301378872,44.200279352133066,43.734701119097274,44.305371230417094,48.861554512258735,50.37819858712716,NexteraCap
45.014443843716805,44.04683988766612,42.19727792423611,41.9800636218915,43.992280490779336,44.37333174237906,42.44620331112683,41.40239489789998,45.829951452864535,45.49525639346279,44.16550248736535,43.07263267796452,42.59789631896683,45.196664866346474,44.227818708610194,44.45014135728051,46.8819859427382,44.642321525001,45.33647482433383,44.18337185246676,44.767826259517896,43.026415543440514,41.80058044091881,44.6936553229512,45.71684023020499,44.82084092964669,44.838898413549316,47.37625482267238,47.35230783021723,45.573579028917145,44.83064024422385,45.706951336372605,43.59571982464606,43.567488280248824,45.04028504623215,43.470235072527736,44.265272080932675,45.42522967328888,45.613472238417316,44.55783975089001,44.18386888399189,42.68490916749795,45.06661079310667,43.72994320082299,45.03998496273651,44.65525909617088,45.63433593606289,43.857832117269766,43.52475551951628,46.446544388008064,46.26351455946243,47.2753961085336,45.07585921857198,44.462716410668044,43.899582261254885,45.60972987789431,43.660758244441055,44.587835301094984,AgilentQXT
44.96389629833931,44.0510991768645,42.10537033424075,42.37218725204752,43.716940418860645,44.107839599517455,43.25690650573336,42.26630848651257,44.657982324380605,44.76737984884114,44.060460603843055,42.97651498981836,42.96423473498345,43.76947369272336,44.6933558356789,42.99600883246186,43.35549701600703,43.409342412678036,42.78275113452344,42.571927362567614,44.39420806381782,43.73524350813242,42.17513920152865,43.64489302796133,43.811616558108916,43.286841486120764,43.409315117027866,45.490588350016495,43.55846856818107,45.12199290076877,43.84699318865699,43.05910556580103,43.163914162368144,43.8412888827964,44.207610025804456,44.62058491757232,44.03285540748301,43.37662173125577,43.88714692748509,44.22562195206073,42.92051613722146,43.3340515019249,44.06731951538408,44.42536886855743,44.67409882720036,43.88127169515798,42.988141817723694,44.322370577489934,42.935423082110326,45.511364543734686,44.410560914372,45.07605864487476,44.39401987680979,43.36755629308993,44.119120223890036,43.652518121121915,44.273885428022055,44.50776870963292,Nextera
46.166265048234706,45.610566316912,43.32325802664658,43.24887922838765,45.67019818365905,46.10395298288748,43.94344152033329,42.37694329303197,47.352774221262734,47.413920109737866,45.21056329622335,45.41694178676035,44.24774109547242,46.9352517884292,45.47832639005101,45.716875426476115,47.52819850828445,45.810587259621975,47.01456831634384,45.60964601901423,46.36979489850836,44.977609783253804,43.63320636519934,46.94470722214993,47.43197076275713,46.358233071397834,46.0127357169525,47.44099387414664,47.890424603193914,47.14126372391461,45.977613628596295,47.214047197684486,45.55041413695214,45.44584642244232,45.64775855417357,46.41383055391815,45.32748809801689,46.42847548835844,47.28231497363129,46.01011994291561,46.55126366614376,43.477518060624696,46.692006853061436,46.65015358653777,48.727525743494425,46.77054736480363,48.30574788128692,44.821137019386526,45.8824367061871,48.03911938717851,48.85686527514525,48.63294315986703,46.07188867694472,46.38592592874577,45.712630599144674,47.53574518640776,45.06232866738403,46.34114410593602,AgilentQXT
48.89110464468749,47.66857860127091,45.767319360506065,45.75098844307644,47.51986133715615,47.61117261261357,46.44147910278457,45.21952816958237,48.748641907032116,48.56660487430718,47.20229405713036,46.75537852622951,46.759729808359936,48.65267180494652,47.796433188712335,46.9549559326802,48.83852905525719,48.13945225091533,46.99429941322324,47.010003736298145,48.20817484956254,47.50975525038475,45.69028543008603,47.56280180272693,48.82448071986666,48.93732035507083,48.78104518657902,48.49554641043975,49.212397463046756,48.54859103735309,47.879000124533455,48.5458264387183,47.52533371923062,47.19971559521655,48.54805229543352,47.304694419085266,47.46130518786821,48.343690793033325,48.34463930811354,47.7802227994305,48.02373404895428,46.9044054423616,49.08829180794223,47.77347816177618,48.61120806323329,47.540160529107524,46.81201775815041,47.48852228998866,47.49378932532402,48.83845042004059,48.178848831732196,50.48087739526635,48.71763629751611,47.723399355048734,48.155604812732655,48.57627690356223,46.4079987936866,48.40859895891051,KAPAEnzyme
46.44083117419643,44.915497443251574,44.20126578328991,44.389150222868885,45.37572507183481,45.89721887496435,45.04989889290133,44.0006485968829,46.24594916449851,46.523736705285515,44.96334083489604,44.79133192925664,44.522855754629724,46.33922648994454,45.08697698550629,43.859276634972254,45.88388798094767,45.253025871920336,45.421849585819714,44.073167573214526,46.13902540591734,45.12490165336212,44.259548988420946,45.52508079198736,45.732385187286845,45.55067775617828,45.44063394533027,47.51782152823122,46.08284482778609,46.39083294345285,46.78895612367235,45.52864923336524,45.353087283721116,45.61009985652154,46.272741022459016,45.56074570012331,45.583004185641016,45.12755256207249,45.289549035210314,45.877552172225116,44.99131660479193,45.3086966771205,47.34615284440119,45.70175283682278,45.650425417577296,45.84113979118466,45.51456639871923,45.73588007566292,45.40500471741696,47.071456645491374,46.399180038396985,46.85565359552466,45.437399131033274,46.0370179837068,45.222292188420724,46.10444463998537,45.247392787782616,45.32168246948986,KAPAEnzyme
40.2318329286023,40.09568149624789,39.15056540649354,39.15249014320814,39.848372114863565,39.89090185974114,39.600335505626305,39.29977149685593,40.34896373827232,40.97330392121584,39.864267439443644,39.84142942691769,39.430323063588176,40.54527361286718,40.23626751102414,39.58397666374091,40.11235177112249,40.42778457824094,39.79128635221455,39.538351654093795,41.070003093029115,40.0987723813283,39.36603800505426,40.07357844318464,40.07411334771004,40.326024210973046,40.00594430690279,41.2443120702211,40.98817590094625,41.154511048298815,40.514269365678,39.962746371003554,39.95840237277665,40.08262189220981,40.68096290396395,40.32953709679168,40.735668842125314,40.455565076689616,40.07019727986176,40.3964322790232,40.02439421760261,39.47710441948108,40.96085617175325,40.753507504108754,40.04499985390206,40.210385791161535,39.82908152924058,40.50919063909232,40.629077851619456,40.31963197936674,40.06433619474112,40.68106607776149,40.8661222833185,40.61593882991403,40.13995009012681,40.349483351555286,39.670542256426735,40.61900147359491,KAPACovaris
47.84837930760153,45.60805859611034,43.9280800889286,44.19167394125491,45.71720763091752,45.41160672191413,44.851255638368926,43.362957467631745,47.31448875277101,47.09757633404395,45.945976328295664,44.96910120572606,44.67510934364116,46.65753205593602,45.43815060428043,45.09975740291678,48.4689521777243,45.672620529083645,46.79678285503749,45.03718369995238,46.312227955801696,44.89181326934972,43.6729906485147,46.54728311628569,46.24616918523331,46.56870919684706,46.832491233563424,48.422948908250255,47.552901529548926,47.23921669115555,47.22552798060786,47.693262301414464,46.12060167612867,45.33300499854059,48.19686239426052,45.53332142930376,46.06532507979601,46.31463899728706,46.91221617422851,46.275105528304934,45.929042934682236,45.432926155121834,47.85814111516792,45.55308822551328,46.853362531389706,45.47007440086332,45.087916158663,45.040428834123524,45.983103012602825,48.552841256571405,47.94102657072769,47.89934221614169,46.60486321809034,46.63476037362564,46.10145639368356,46.96723817617791,44.20081108493732,45.62844740824202,Twist
43.508180774762764,43.07427368928393,41.75005425955402,41.70524823488717,42.538743254918664,42.9760989464857,42.05796018904381,41.87246501853799,43.16379276268246,43.98243557419595,43.34000614060467,42.259785603678026,42.1256810405651,42.71035229154888,43.805186175416644,44.34456949141961,44.17030770103743,41.725197423023474,42.13534094374199,42.29389991708887,43.62076030257597,42.64562893827965,42.012168638179126,41.73207452931506,42.555568292917535,42.80207614571068,42.20432877311211,44.73587703891524,42.574899996440124,43.670675140486644,42.02120907621115,44.033548328292675,43.011888065292176,42.94867888987309,43.89959144603378,43.8164255653559,43.984063574968985,43.48165822770673,42.919711876894624,43.49523897726659,42.55155596163751,42.39750626803256,42.7398937644286,43.929108537240296,42.29157744869511,42.44861468310919,44.66149024482562,42.46869521367315,43.00299890577855,43.26844081970811,44.17231835389708,44.581350368182996,43.048585026248944,46.92874491986181,42.87302516988143,42.59402848810392,46.647408038131495,46.87942070060104,NexteraCap
39.04108279916544,38.92927811961397,38.06321140135738,38.39578632808493,38.64866308108765,38.510871581329106,38.40836444008645,37.975287280871264,39.24365174943117,38.95449459932742,39.0802973697402,38.45199578830769,38.433157068072035,39.54555429182092,38.99543691179412,38.27290660199437,40.10890490220455,38.89977037506237,38.38752781401339,38.51068961034206,38.867936481227886,38.52993213018808,37.84718609732533,38.41647374448342,39.06344615776493,39.28688776624322,38.987650706317574,40.2059809296467,38.69229731021365,39.36376033415754,38.97664164605944,38.35610821245472,38.94927512309656,38.94692731650641,39.45582175372887,38.53325904016054,38.8071251560379,38.771162778558605,38.786765588295616,39.08516085258685,38.58830083633098,38.82816555139296,39.27177795954512,38.916534103171436,39.110330985123014,38.5733439972955,38.853724801609914,38.621382905083394,38.73014927677854,39.23863962858196,39.30852669321329,40.30389585758803,38.680593342422156,38.95577092094256,39.25186357275825,38.84620559578413,38.89142691254679,38.7360868566254,Nextera
46.22600216932669,44.582178605855276,42.45562156728002,42.39582915904502,44.75255343577792,43.417677457918124,43.46476214617045,41.89084581697446,46.68051208523339,45.45957581471845,44.04428841344099,43.1377592477438,42.89827799183305,45.16450600945457,45.67065963332923,44.50825406322233,47.50259726463579,45.14127613209506,44.48563595183709,44.22607630913199,45.40598085182251,43.40920885510728,42.77572005852737,44.568630934842375,45.884331583094074,45.538930866962396,45.125053933027324,47.65908521643885,46.709794462784686,45.36846961840976,44.83692414465874,45.97613857069289,43.85602712839946,44.37666318049749,45.33757400035069,45.039896110433304,44.167203876480144,45.75972611021887,45.85020076693947,44.87262163398519,45.25949382508468,42.955249462366524,45.319998441813844,45.96634428901713,44.772359508708746,44.50103989275167,46.24200206168231,45.11750515014473,44.65167964071616,47.72041670450322,46.21984815911268,47.09153618918004,46.47700380364498,44.192391420012534,44.21761813667842,45.99458689320897,44.363326199731574,45.020858354819616,AgilentQXT
46.46136837143401,45.01761774031013,43.477517158174216,43.20067281350422,45.33347647208282,44.9938851694763,44.46227183903745,42.93546177030897,46.34039060204373,46.6484038006162,44.502250285766785,44.041416675225086,44.08754054753862,45.456945369624435,44.49677572588996,44.705494611545326,46.11965342977877,44.863019823848646,44.61299172718983,44.92565131767471,45.383335183552674,44.334482704216036,42.92642608416975,45.28803841147271,45.42880711660828,45.88266882628038,45.94771374485583,45.600325962646366,46.19542575381872,46.44998960198238,43.53733221812196,45.675405832892416,44.64671882348381,44.26537870208482,45.581396746790205,44.99250327561336,45.66744677255361,45.3926477677411,45.78354493675706,45.35115268733138,45.357938268332056,44.14379910392555,46.12972606059508,45.989775021640085,44.92187312323077,44.728210579630705,45.07674030888108,45.4428911738799,45.226401610905405,47.135392363377676,47.19036986471461,47.714775205389955,45.97388760722439,45.39337073848291,45.53236476820908,46.15844248711349,43.96020480829913,45.45247251479337,Twist
42.69417454088011,41.54714521707386,41.1222030064938,41.45837578145077,41.87088076536135,41.360259383354624,41.10719569824812,41.317512676663895,42.197711718162864,41.32251807568808,42.71408122594867,42.09744621574939,42.02865114410614,42.701622812944535,42.408129817434094,43.55176944924486,44.401829920620855,41.9446791494235,41.780503183871545,42.26305447786279,41.880237721423214,42.06347670968722,41.973011245454565,40.91178869936169,42.29169354714351,42.04059708582837,41.61489951802199,43.401266669450244,41.70440348552144,42.54883220274889,42.794708073297784,42.86850712643772,42.46556908462003,42.31621585017742,43.317714600096856,42.397112532638964,42.56531213399785,42.96706561407679,42.47217792761888,42.470054010750864,41.289621880089115,41.886361835815116,42.5766048692015,41.80604877834523,42.576434451064074,41.62581973046155,44.16796030618435,41.9161353315001,42.117039081948825,42.77597692869713,41.32538393311084,42.63802900544224,42.00448653542593,44.79116851109359,41.623667945382294,42.45460661481993,48.20916361612808,43.74593071161413,NexteraCap
45.72831522596303,45.24069778088561,42.56116327827111,42.646755748127234,44.325607599005814,43.773980180574824,42.92783849326771,41.7504093443256,46.165436472738534,44.92289891036528,44.52163995169638,43.8282227138161,42.97098136022515,45.0664520962908,45.248698283123794,44.91817803306214,47.033563121708575,45.05411898609865,44.665838434653075,44.85371763799583,45.01814376421614,43.91053572212771,42.53321540166588,44.12391998834453,46.29000185434428,45.319380766257254,45.4471009995304,46.30467528325346,45.3023077287482,45.53294793342344,44.74981209060734,45.68275223887661,45.26946023812383,44.53611890897926,44.3117210271477,44.454695600164335,43.91892250010845,46.32057450317468,45.863416376997215,44.57180974107312,44.653772089160746,44.68389461568658,44.685006346230665,45.46551169372028,45.37565612211351,44.16987851337849,45.40242643491145,44.08785014404664,44.520282697694874,46.728281716526254,46.0743337228986,46.11629394065172,45.10662336083319,44.15831634989761,44.70754667576501,46.13429389845008,45.045137608115574,44.876003571348264,AgilentQXT
46.356430448307115,45.03336776554246,43.118721718042785,43.54451660139614,45.18306366186229,45.39565725362691,44.20220917157131,42.82236035116248,46.29090789138903,46.33150046496735,44.64965266933784,44.17201440872597,44.06561304049677,45.19287621307639,44.32711134981779,44.775183740315626,45.88239190110781,44.8251000833233,44.82435639864638,44.75168070998813,45.63044707867648,43.69631004805516,43.24329028549031,44.86969175896034,45.999086557820114,45.85836648093628,45.604024698847724,47.96323411595408,46.10269285388429,46.015499413712085,44.625028336231054,46.10848233935504,45.283297827223365,44.62916979932839,45.47195891709077,44.86873755148434,44.960857157077186,45.25913140332505,45.572643237575654,45.12473986598802,45.13710177454885,44.57657890361089,46.66091805686134,45.13575626879249,45.57319805856681,45.06971570211372,44.808455557076755,45.22680217399383,45.651632049346034,47.095524537562135,46.39173983123692,47.77481574506928,46.245331842575965,45.76840518471697,45.18873019746985,45.75143098774791,44.44871969411146,45.618066162966635,Twist
48.41168089333285,47.3119324119626,45.53400031893242,45.93160292694649,47.44573016002884,47.575654276594,46.58027930306839,45.029218874965885,48.87761372114594,48.14097706577985,47.61844701598896,46.820973755826856,46.65311477782003,48.20777935725815,48.272235597047576,46.46318439378254,47.436547737928414,47.37041784725038,47.35942883736458,47.85040309007473,48.56503293943307,46.786786778066315,45.84633700920918,47.66260601194847,48.529038255223846,48.727939463712175,48.18975933414079,49.310827469336566,48.943610312000786,49.25703653459148,48.71803506021759,47.87699846013848,47.88670858255399,47.34869410322419,47.69290799083875,47.251795030093334,47.8636500274264,48.1283221944367,48.27159497218215,48.138988441527275,47.725491942461595,46.655942191182426,50.151782995849324,48.65420901696909,48.3886227362181,47.952598132948715,48.34896619650156,47.27804868913235,47.83399564964926,49.33817992929247,48.47000866875424,48.967806487900496,48.25608625046406,48.17180477909543,47.61378820739856,48.4917335228614,47.74722106407226,48.633303929754476,KAPAEnzyme
47.32592683612049,46.33199485404542,44.60673674315933,44.889360742124275,46.39461914909296,46.14237789580879,45.61797309105398,44.180788696541136,47.61702132011558,47.63836579139736,46.355567729117446,45.974111076580776,45.342469538730434,46.764894886225925,46.82393264746768,45.35226657000043,47.043426290881676,45.68667084237212,45.85890373773213,46.68572484492623,47.020535967376524,45.46274237679866,44.63022601839162,45.84823492019321,47.00655198422453,47.0722370778479,46.62020461399,48.54274073200465,47.40542593324141,47.6308878237227,46.20103802454025,46.6611549502547,45.95375226674909,45.88861299463088,46.72333022848677,47.57771323449495,46.81765884138155,46.99694579798297,46.53939405323129,47.02238490785333,46.21850099425942,46.644474768309536,47.010208494286715,46.11878917168742,47.51037937081562,46.15565741728182,46.12040662582504,46.47542124795328,46.78534684383125,48.3827955708634,47.91048321294283,49.340597339727836,47.48835904573601,47.10813436646698,46.03616542092923,47.27205515386585,45.458195712492284,46.76018771989991,KAPAEnzyme
42.7461291748158,42.360612218021025,41.819793989428376,41.218004906957916,42.514017882085355,42.59403036843866,41.63657668005783,41.134640747594496,43.40499822671199,43.266526502489654,42.189623512275645,42.11831153342261,41.732771843605846,43.04351943770067,42.358951811455405,41.483660244242444,43.300010539417244,42.22978419793822,42.473348114669335,41.94138499052637,43.10127598846244,41.70949298160537,41.10850461941802,43.03117765435962,42.57213980997793,42.779020258870794,42.737376011314126,43.3560491741058,42.603636362607595,43.21543063312384,43.07382324187798,42.68913754269945,42.83731387229308,42.12075388338112,43.49267641166133,42.680965763852555,42.798959690277215,42.27740363962057,42.683441315003215,42.85367306966035,42.372672063350855,41.66643788951282,43.74722543927221,42.482764644317896,43.02566027975262,43.03677844501099,41.7783049874925,42.17242521473579,42.0860257873578,44.065801743417694,43.61930820186432,44.24868902443322,42.96384772453357,43.1064021280356,42.56344462813642,42.95374599938651,42.09228112748047,42.82715125667352,KAPAEnzyme
41.217737040823145,40.903179707570956,39.916041219497934,39.79677577798319,40.24085326184338,41.08346514570924,40.38479749952174,39.87495729087946,41.20372434075858,41.31131081332638,40.602012847144714,40.27723903878803,40.050591529109845,41.25808147274227,40.99407922026035,39.86684094952465,40.74677524312823,40.917011212456316,40.26250452980619,40.05614664806767,41.11181985514086,40.78153743203823,39.719700444349265,40.50243078575793,40.39947818010687,40.678586291232385,40.345694415446474,41.21214226837455,41.534701922356625,41.34093873381955,41.80668541340094,40.77265549829833,40.52519547607324,40.49365410122937,41.404429027330195,40.8898218479152,41.62580044416704,40.520535872371696,40.57150119555879,41.096569452834494,40.440358032914055,40.305953638813406,42.02686001002592,40.582725789600005,40.367934641548864,40.67572844277712,40.9154217115101,41.05699242819211,40.552534668555644,41.306779094060566,41.22889458606003,41.59545349105271,40.94476462866982,40.990136247883676,40.885897628037405,40.84714313043096,40.12557063171821,40.51355251118365,KAPACovaris
43.76488614448895,43.72130160002452,39.98468255037936,41.29475942950808,41.84187858592412,45.69187426081544,41.54326718933358,43.39448832906348,44.31960272503197,44.696109826384735,46.050980759035774,42.19609420791815,42.53395281422098,43.59402320447639,42.53621553440055,42.670009925914925,43.63603325479695,45.09410592334335,42.9984279391967,41.20543421489178,43.40100431798905,45.91121729495605,41.78286302175191,42.020492861176095,43.98725792896713,43.74714136318207,42.72167645457634,44.14268280413699,43.12526106440221,43.64723198541885,43.2387487999833,43.881918794400384,41.654960041210046,42.700298090466575,41.51065016103059,43.68021534680999,43.02102469135802,43.9879685340712,43.03255458514136,42.54785435682482,41.834803998924436,43.06650453955901,42.39872366712736,41.19506172839506,43.654033627514295,41.83541176528982,47.4883063937903,43.04831204379562,41.68137021479035,43.671469179551686,42.40311425725779,46.849464233573855,44.05749424992319,45.939608151704924,41.71573111126483,44.069265788891194,50.91324179645777,48.75201247346826,NexteraCap
40.813705061359265,40.492446659866715,40.248879481903096,40.44292013460349,40.654325114313124,41.00639651113685,40.456432638570455,40.58120831448283,41.267887955825316,40.834235692457725,40.903797411212445,40.49352766239496,41.19485104704178,41.61745460839721,40.23583007131998,42.568918896739675,42.542669005639375,40.817850859305764,41.045721314741954,40.92718312289368,40.91155901020132,41.5346882705675,40.335440883928236,39.87966652996534,41.028537323900366,41.00246978199252,40.827807501221116,42.08531570194452,40.545972190602654,41.561228729617696,41.71614470187747,42.431814249561256,41.7871483998859,41.11871831186019,42.00152037094767,41.051845255461394,41.62309984799508,40.87702881891523,41.23413112705673,41.487592019160665,40.4912270184868,40.69910002991222,40.91166831021068,40.956813994643134,41.78665051890232,41.03916360216456,43.454476657136425,40.32227772567845,41.34444578596996,42.091413886996335,40.738844213159005,42.56341663178251,41.11582687091028,44.04067305361511,40.446177097611056,41.364321595502254,51.5704210326645,44.94356938436679,NexteraCap
42.82202937106855,41.12122084656931,41.55142219043414,41.43008962312484,42.020733622006986,42.619921587106596,42.07450915336973,41.61463302927096,43.21199733672028,43.47505566035068,42.4376799910883,41.95548710767214,42.16308431352314,42.729990752757885,43.18290799895473,43.448927276014686,42.76017896369663,42.278706907993616,42.016528581620264,42.10718300986432,43.1218848105851,42.19411847144828,42.422843849343444,41.798859337249404,42.15303959911161,42.47075931358752,42.32628010125166,44.91122866486216,42.000872848198185,42.81527129897389,42.458555946319386,43.81912480240041,43.320341797382106,42.75943801410638,43.65897792474742,42.49350305478122,44.509154314893685,43.125197708725096,43.08891431872833,42.92899980797904,41.98768203864429,42.042588336007285,43.87593770020815,43.55639879522746,43.26919934166767,43.12099092569372,44.96774598127029,42.284559092692845,42.75790160596169,43.417501592379935,43.01120413936738,42.90190731076687,43.055350022490984,45.511321517959026,42.50376270994709,43.08546134531546,46.5760965465365,47.08432902128666,NexteraCap
43.765777570163785,42.845930564427626,41.479863629505665,41.33286479033625,42.30276958466344,42.71719210761146,42.228079507354146,41.456746590859474,43.13677786185564,43.732499738479234,42.89529237471843,42.109261618964105,41.730870268009916,42.99779172781271,42.631876432989266,42.36518679573415,44.51260356196038,42.9102577904806,41.97404182513874,41.273017655595986,42.549000088831924,42.45712342584909,41.60693470125879,42.15970850316471,42.749293018871384,42.68730308354538,42.618915559979534,44.05443242304346,42.359598620486,43.318096049552864,42.35984139064974,43.47375801536147,42.21089283596159,43.02100172716915,43.63676039252841,44.218151318884495,43.4299028921599,42.980647190835306,43.16092661041405,43.54750494583269,42.360750706100724,41.51300671382324,43.58123154429584,42.83599777379135,42.41516112630773,43.49709655236474,42.68393787217605,44.090240178932746,42.242168186345495,45.15863528719804,44.02654598991911,44.35475298697476,44.3733385909595,43.502044550903165,42.8492965071152,43.00859124872976,42.67202295937021,43.217306258081074,Nextera
45.517903006496795,44.60682740302068,42.5334616229829,42.97273186003674,44.936706037889756,44.700480638674776,42.91454117822428,42.19057420487544,45.92994384959883,45.81880990763313,44.1053729619628,43.5740433451842,43.16068402843417,44.349790229150095,44.85153169121838,44.37924299740544,46.07834923500419,45.16268875378631,44.924399901053896,44.79654997550502,45.519914863051156,43.66222078881042,42.4008793890319,44.94685838380725,46.2528769442965,45.408030525156335,45.00863437876894,47.985236520567085,46.45990040818976,45.93561143030768,44.17768716132685,46.11652573945612,44.5741365832953,44.031297952550325,44.57274969537685,44.40040191668043,44.657586504843415,45.52361555094092,45.878527132786935,44.5892153495497,45.42593283269679,42.87945971342793,45.54826513548535,46.45875661852645,45.68368426716911,44.53355378559442,45.728533084034076,44.26052178877771,43.87024593946416,46.81576712625343,46.021595505104955,48.33631373662661,45.47270198162655,45.118369333757684,44.59479414733806,46.00724157638532,43.68023215579841,45.33044852121916,AgilentQXT
50.505483245561486,49.488239044364875,47.222426252529644,47.60215143276085,49.388337763426605,49.17465054562471,48.26496204986337,46.77310574008789,51.15989019318417,50.20819623660277,48.82465196158254,48.51115974886444,48.543104711211626,50.24685805766933,48.966151012495196,48.16062123421357,51.028053229917944,49.202483396787564,50.29087837649816,48.18945029583232,50.096861333815646,48.833706772168824,47.52582112432691,49.81958187458882,50.70163432961806,50.70189577139588,50.19987306678995,50.96119209218954,49.461325937750864,50.82957606641936,49.62100849165236,49.22633739289476,49.30146999581898,49.272273742966284,50.35173186974203,49.67379980557826,49.231060932769694,49.733012007817784,50.09684277109266,49.604627083741335,49.9505567883941,47.96760821534936,51.35015757920087,49.9949617100508,49.629668474387515,49.15437477994534,47.77577481013109,49.80588164886864,49.55616197928507,50.13920804113637,50.15677328707816,51.4862778765092,49.39471237922353,49.41622126232157,49.839817562401635,50.21867937397565,49.280030814813564,49.50326704041675,KAPAEnzyme
41.646097640096535,40.860395800586645,40.175074391221266,39.9529248973124,40.63622940851056,40.83835847690458,40.55059016887189,40.0274200834595,41.60527547403351,41.84088743056467,40.74584965143615,40.56936473744737,40.24876356865601,41.59289677479935,41.385756889797456,40.67384656029956,41.096352652958544,40.66050316217827,41.33759936573722,40.51351361968102,41.61128965092244,41.32774643899914,39.88582412993063,40.682774833154404,40.95963454919907,41.097658490496286,40.83076986449485,42.07707859790964,40.90219836900669,41.72365155977421,41.87560851775744,41.22817893574178,40.8313844631324,41.09147161021338,42.158758006274574,41.05592638136783,41.95037417186261,41.05317756791543,41.12208952777606,41.1831903121746,40.985182637156846,40.8208543153584,43.1681528577989,41.26068781659563,41.119221744550174,40.93965444319344,40.930102605329125,41.24455639217144,40.92712893829508,42.35924689958724,41.34181306314508,41.98378711590656,41.16363601490353,41.56686645909731,41.068881264242975,41.534673447713104,40.846405066411556,42.03340529293131,KAPACovaris
47.326939065722065,48.0652979502652,44.273152602370295,44.44572664685232,46.746745057906836,46.50817196351994,44.54578691604925,43.49868364422124,48.70439944953049,47.02787257874731,46.9498090957089,45.50155749591754,45.13740059252229,47.420197226189124,47.29983569995985,46.85187704313414,49.27415219031285,47.099864633245396,48.57272401283202,47.24875768616797,46.11517031917915,45.80810687855265,44.64146129252692,47.37357603048187,48.69419976162233,47.68473039609083,47.61732915622558,48.943901226434214,48.11975045505019,48.227134438894446,47.02532254159794,48.00850974836257,47.054120002920406,46.038855035725575,47.10706686603329,46.608338763000155,45.93847151693682,48.44949839292749,48.338380334979654,46.53871692000131,47.21680015436577,45.856829273561104,47.74451561806389,47.48531128670386,48.7049648645273,46.86193116336037,47.374948491677486,46.59393604068425,47.06969376669379,49.39393991811606,48.807414320923094,49.582629198783245,47.472529706878916,46.48114351289449,46.64837001410786,48.35713744333809,46.92071942053144,47.34172935643542,AgilentQXT
43.21914874301711,41.89440750039375,40.65711262901852,40.81479259840467,42.12652183951836,42.15751966836704,41.091146045135964,40.24267094633484,43.26364626476337,42.94438720347441,41.82692781810408,41.14484585626012,41.505281573213,42.649483017551994,41.82974802400559,41.39924211130169,43.28036949056142,42.56189233873746,42.19453290266739,41.91295754126279,43.19801523212377,41.842813345430876,40.806017532517096,41.51286337242591,42.6273968211219,42.78387530200378,42.5393983143173,43.70680570403302,43.28021210039665,43.40564267422477,42.41451846181041,42.77152953701178,41.90923355902455,41.49151117563678,43.10614076827868,41.78510615117855,41.74189945724392,42.722272463389295,42.4761498161993,42.44228183542036,42.118853101530824,42.157094147378125,43.22505479717631,42.08177107150312,42.97300421987123,42.503682191493276,42.57897102578658,42.321157059704085,41.85323881770139,44.02661936249324,43.62587217347765,44.28586339216823,42.726165029913226,43.32212090537209,42.11367390066098,42.95467135267686,42.1030530740129,42.39378930925609,Twist
44.103509855307706,43.10170195614775,41.64164639816281,41.64884433464299,43.10574972488363,43.61554799954842,42.27813358741677,41.35846428138049,44.64459412607456,44.344950294121766,43.04843860472958,42.675813266641704,42.437759405075006,43.899517001955914,43.38495123266729,43.18514943104263,44.996370670368,43.73635404875484,43.41356938883012,43.053638017785794,43.83637897221054,43.33990180579778,41.49238840512695,43.93232411245443,43.73900831085927,43.97658155755211,43.53667741748503,45.28167189798434,44.37083770415201,45.04986743213372,43.636472187075384,44.841749004498645,43.00442572645397,43.57603355847626,44.232831656765114,43.07818117594337,43.11004455076185,43.67057761810971,43.980643667977965,43.484095670265916,43.41768353074711,44.138561020351595,44.735606000027154,43.992786252251044,45.72944576654851,43.127259901657204,43.040242036647776,43.31845781063126,42.71683185499296,45.08664453671509,45.20304383242188,45.34781507657942,43.75724220972595,43.87069455007435,43.455213562166485,44.54216365173156,42.3269552885318,43.870247050384044,Twist
45.57614806580596,45.33948384740193,42.50464882479333,42.37703277401896,44.32465999952632,44.31715517016881,42.93087826184179,41.805179469868015,46.336317763885766,45.409305381759694,44.516991732545335,43.774689575410925,43.04201277700929,45.61017451817995,44.76115870394793,44.63675726532118,48.33842264075742,46.01305399656809,46.22116964248798,44.920139237601106,45.484930642546175,44.01061395772962,42.37367705629418,45.62856396408455,45.94463333322257,45.68541585784997,45.246148253316576,47.876452083588724,47.804032241716556,46.23215798929814,45.31941552427749,46.316589737460916,44.51225786902112,44.2813325344173,45.32268405848491,43.917134012049765,45.24092255319925,45.92395294272933,46.074058758919485,44.90183694280897,44.914547696830105,43.26430486349982,45.263070008240106,45.04818431577306,47.265355133894985,44.98325759843563,45.44196670886483,44.408336251830505,44.54552388587177,47.30546707272485,47.06837336914409,47.708596045891866,45.43329195636592,44.62206726081646,44.70677803400296,46.36843661772844,44.13534123926947,45.38274178368796,AgilentQXT
43.432486768532314,42.87803900322784,41.40441933008845,41.45959611440067,42.961850712187,43.33039685638534,42.62423676457758,41.53180878365131,43.16005054000968,43.9840055483143,42.60924390653244,41.86835351465751,42.10401036003629,43.25279905865476,43.57028367222251,42.19596087024066,43.85088875605943,42.32678315996821,42.10659111365519,41.64923588933001,43.846928504759454,43.042676255963734,41.32196283572234,42.03067954666789,42.77182383095256,42.85392148967827,42.660983629040345,43.89442265702035,42.92476410659648,43.97505419052685,42.495253232016545,42.89130493132024,42.88035098099842,42.74371688184719,43.440958330224646,43.08528133031961,43.80474521573671,42.56966282712121,43.052074325121716,43.388752683246075,42.45890123255581,42.07450568383018,43.990264799115614,42.840448306305525,44.15208195190164,42.97586665691072,43.1326756597932,44.04067038397714,42.23267329967887,44.43528626414129,43.257271734246835,45.23501764441841,41.883447764798134,43.346236621997804,42.986367980507225,42.59838309684793,43.76356889954313,44.37905143489882,Nextera
43.21495420283228,42.354314400200096,41.59334164833936,41.57710921885697,42.257324732666326,43.54106956389865,42.29133434783797,42.171515885849146,42.9077277594172,43.579999143708804,43.37882511154419,42.40710128113947,42.38065958960269,43.92723096206217,42.903489756462754,44.536928350299874,44.079532667047076,42.51468691293089,42.22500194533803,42.62299586951916,43.490718027010374,42.56370079275651,42.46585408431569,42.47926703548225,43.16222810687236,43.08014319843269,42.845513768284526,43.387883885736414,42.542903827224485,43.28889798473396,43.59034030399612,44.587932272176594,42.82554557245802,42.87617259309882,43.94951434927153,43.93098007691583,45.3000334632119,44.164008247790555,43.622211871003955,43.306548778274724,42.46992431793235,42.142616369450465,44.41955222403081,43.333910196176994,42.90061816096429,43.17906559193873,44.77501305551941,42.8218030747415,42.94964581120579,43.62623469273739,43.823079500312446,43.78139931841596,43.24310674166213,45.44421631778898,43.24388374921965,43.38017998871822,49.97303428352471,45.94710942408887,NexteraCap
