ABL1,AFF4,AKT2,ALK,APC,AXL,BCL2,BCL3,BCL6,BCR,BRCA1,BRCA2,CBFA2T2,CBFB,CDKN2A,CSF1R,DCC,DEK,EGFR,EPS15,ERBB2,ERG,ETS1,FES,FGF3,FUS,HRAS,IL3,JUN,KIT,KRAS,LCK,LMO1,LMO2,LYL1,MAS1,MCF2,MDM2,MEN1,MYB,MYC,MYH11,NF1,NF2,NFKB2,NOTCH1,NPM1,NRAS,PAX5,PBX1,PIM1,PML,PTEN,RAF1,RARA,RB1,REL,RET,ROS1,RUNX1,SET,SKI,SMAD2,SMAD4,SRC,TAL1,TAL2,TIAM1,TP53,TSC2,VHL,WRN,WT1,capture
40.43937498966267,41.49285004801124,41.367564116888715,41.36617225668273,39.736324915182585,41.97134392617892,40.978880373649496,41.63351341983632,40.69528472182621,40.95013987176241,40.65357914152576,39.67204403225456,41.93253273299533,42.088452643974286,40.523822267126555,40.99457532614705,42.15644990498996,41.87843530387062,41.646906140351135,42.21274528976351,41.03765202148131,40.95742795464323,41.31756100706684,40.171238990832634,40.996740944362074,41.44000507179862,41.4435540472196,40.8283889970713,39.86387232767337,41.87292173244713,43.0498959839106,40.50899942287954,41.73531610852794,41.89530087435028,40.38101037776365,40.3443973435118,41.727132902973295,41.353463733641824,40.677833861933124,40.909483209168215,39.66388340959188,41.87039496078123,41.168835040933665,41.643476235446066,40.15671374125798,40.41850337445152,37.74498591228244,43.153010249018934,41.66914955194179,41.80818681019578,41.16604239532235,40.52219996160388,40.70768554666663,41.543401020336866,41.40356727305554,41.45345688727017,40.71696513137572,41.30796863094721,41.499433936117285,40.634065199501,40.66764106193041,40.50301555654958,42.349916210745185,40.72141458857428,41.7829617938792,40.761157106641555,40.723674413356214,41.38208514030759,41.24686847562881,41.50453869531073,40.00093496604472,42.023893119406445,41.56485992440005,Nextera
42.137386694133795,44.32937611157069,44.62768662072741,44.6134921841703,41.4573044281199,43.44159230515212,46.082034396421186,48.08696562334566,44.25514869715293,43.77906424876073,43.7466551335822,44.75820874451175,43.89445655341365,53.1330812955813,47.027811312318356,42.987260179081254,45.9236143839308,40.71181402439024,43.06315550569506,46.018035572982505,44.999264304615366,44.349901487838245,43.32608000406023,44.9601176973166,46.826803022254644,46.20733138116973,44.18883875362449,40.37581210778886,45.571271590616135,43.278481838346536,45.575636574074075,43.62137100264573,44.735395637821235,43.647045266161705,50.36728120560806,41.7886781676188,46.268936286039434,46.38736683606249,44.78778905736229,43.86223032574399,43.27163602400165,43.55548563219567,44.77343806305442,43.04399726526849,43.89703346570146,44.28537268752578,47.25604395604395,45.4013324736729,44.06209950535095,44.953882523080935,44.04639103881528,42.843077916718414,46.80293258407872,44.98171552721685,42.115675661930275,44.272877725856695,45.57327183389193,43.33643766757706,43.72604015407512,47.26166731956206,44.74218374218374,44.48804696008389,47.39651160181321,41.75254915366785,45.46941553725207,49.631102775429696,43.15339005745448,42.626946068435124,42.25434006327886,45.0003595729154,47.20517239237896,44.19254348914336,47.34817614447365,NexteraCap
41.88731906614956,42.028569047850134,41.8420843307589,42.28408085153901,41.37864203918863,42.67754952991365,41.46526290253738,46.09696477258573,41.54235186989408,42.38989364151293,41.71434598920109,41.891433452608275,42.74980182686785,48.37344498747479,49.671731488463266,41.46290531107466,42.74091888860883,42.99029557382882,42.24898563240466,43.28469563629313,42.40398148481587,42.59402245082438,41.59628247297167,42.16881462830049,45.86600621486894,42.288914518610575,43.700345287309666,41.08449057419627,44.73543458587614,42.963631348675065,42.71638532749602,41.43165303842249,43.54280008316577,45.49383154161136,46.18937378012805,40.663320121246464,43.238679793365236,42.311888587788275,42.980571973623874,42.299508401495444,41.130570845899754,42.23920726911666,42.455925074122405,43.27844236040539,43.53553588147695,43.83111997951578,42.855036109277236,44.65002516606851,42.571229185636746,42.26778501387785,43.776619629140136,41.36297809436557,44.58879215960029,43.112967459253774,42.46035276520985,43.76807205647888,42.08964729089556,43.140899624500676,42.91959033698815,46.13830753494932,43.65339719219279,44.16097426150242,42.51941622872093,42.546066966232175,42.309786923162655,44.322681947714806,40.689168269198426,42.49074798170262,42.451703187512955,42.746377071250805,47.275600776183566,43.56572240121205,43.03639430308218,NexteraCap
44.03460498783274,44.12913975814546,44.50175700212259,44.29252390613115,42.816493839386766,46.005323249822965,42.52871563450946,45.96264977191351,44.6973694220185,46.29446859651511,43.40126247644087,42.678109593161146,44.27805546933079,44.214651558419035,42.96962518544161,45.1597493375639,44.44233480392192,43.60232309784304,44.894518410743615,44.9171239686239,45.109670639395226,45.20344172764714,44.8960527523537,45.06542552485538,44.87084322864777,44.039331351649366,46.13486643227052,44.4774441361125,42.38170070158976,44.25886481522129,43.10296410393865,44.33445537186811,45.25770955894866,44.87003414186795,44.175443078841404,44.0679137029308,44.613852961794414,43.478872620322335,44.15486261549699,44.6216163066995,43.57643312875365,45.35502312448668,43.91343374377292,45.60394512478624,44.629963398641166,44.628234929061755,44.502872634828705,44.27751708845346,45.49778995646165,45.05925969281491,43.989214132173096,43.06495798723848,45.37655179321729,45.56486880081916,45.00065493736713,44.417279658475316,43.48344133624261,45.013536099522064,44.0253186901702,43.666350146157235,43.757275456486866,43.97197998009694,43.485342550346424,44.70963599195487,44.86698959764908,43.14368821790981,43.952488895130706,44.47621327748726,45.008570294521135,45.23001298980119,43.94679385895168,44.554300565907994,45.13360378935988,Twist
44.65435723036034,44.60069398202719,45.59082324460194,46.21442720383441,43.4327744767435,46.72692268550077,44.055640428708244,46.72432311429477,45.259428999927074,45.84371522030791,44.445882767012314,42.820307202731186,46.494537737207416,48.29541777433455,44.237916180343746,46.13642438159953,45.58360610645139,45.66932011393685,45.97642499298697,46.51341608128691,46.745569516236436,45.556166917333094,46.030846402037504,46.684606233216435,46.52616976878714,46.05802466940934,46.237501684568485,47.243761359597485,43.913772282501796,45.62852900425393,45.30090408292865,44.75830912050426,46.74763016011218,44.91014117322778,46.101575143283085,43.8769517429822,46.40385276626015,45.12816005215701,44.3965197548998,46.0021481240373,43.92409934771434,45.99311091943486,45.318145599741406,46.857583581500954,45.761780022026606,45.34649564244796,42.973389190041765,46.70077202678739,46.5857630360961,45.96894692722434,44.86719656457227,44.443837944763985,44.211067279102345,46.218432985769276,46.768467759206274,45.04934830398917,43.56163829109879,45.91176335468277,45.25088654365355,46.28863009963033,43.78160901004235,44.732675507916525,44.37444155566503,46.38443530785028,46.340250969724956,44.978487642999774,45.21993039492764,45.323142232797736,46.082414746629226,46.1166947903472,45.4768903917599,45.45394998331691,45.675135390233,Twist
43.899375246202155,44.064743140973675,44.391034779488244,44.917106401230015,43.17007040886395,45.490818030501984,43.48152984350567,44.2179384552343,44.55885895239383,44.72743096953292,43.6074148816677,42.78692182766964,45.38917916771472,45.90397398487573,42.74746186523421,44.978543847833606,44.908146290233965,44.30391126849999,44.861973051251354,45.093439409613104,45.08944116538665,44.42462690772709,45.02505938951604,45.06246907594944,44.18679334607005,45.980885100532625,44.75048244685545,45.43390763240121,42.22076678690707,44.95766394116551,45.064222127296645,44.16209480807662,44.04368644805592,43.18158777546944,43.39829009431549,42.94326073629124,46.11308890416534,44.70817955445676,43.53642255356462,44.62617937044456,42.87827985061389,44.84746939275333,44.50325284068696,45.91350755881142,44.686240002721085,44.16305606402016,42.8793347434027,45.91861762725964,45.43699402976652,45.33656264855674,44.21375649821283,43.43087350688102,44.107581295749966,45.38680206053485,44.40448345575611,44.6492704520887,43.22512984798596,44.88380524795581,44.92155798763377,43.56476697906507,43.71427756192384,43.665716044930015,43.99812699360262,44.927522064836836,44.84046689424218,43.75438531709594,43.97576875511724,44.573246845700865,45.104062090077676,44.87336515753172,44.19380059395111,44.629534315607174,44.12289801022958,KAPAEnzyme
42.63632520409919,43.12601694946916,44.20812750382199,43.726498570501235,42.10916064299064,44.54426243275106,42.41224344086703,44.812289983100484,42.92973489470123,43.87950890483771,42.688211701075154,42.13845548370384,43.555611382467774,45.63221255939704,42.54920625827203,43.14830881073724,44.35369936932089,43.26595026258411,44.00447000480083,44.607539882862326,43.92841617172642,43.47266915722274,43.634058925067194,43.154376020084285,42.61951994752098,44.89767296458732,43.36325037451057,43.93849235413925,41.36604409014559,44.34125348535526,43.8449544283547,43.04651149444146,43.69279676223841,44.49708150945742,44.00836615213061,41.83146329680793,44.218218831386125,44.1924155524678,42.444357999378354,44.27565080019153,41.60306688975314,43.792507876777265,43.9715224307441,45.189558468314594,42.966603201559835,43.03056250864792,42.55828611335882,44.76239296973936,45.082837225788055,43.16371217545587,43.99640020767789,42.18953571651064,42.94163969456058,44.38726139512,43.927350143745294,44.29079763207949,42.43842665049168,44.067436761008935,43.92416622890564,44.16531779321581,42.86179867026793,43.28591139261549,44.57193490298509,44.92936038112789,43.11575276590857,43.34646890156972,42.99423302559808,43.426186698755934,43.587156105268484,44.12809814317069,42.90044120051524,44.143296406213175,44.26899427574715,Nextera
43.634716388467865,42.85105147560573,44.410308979720725,43.8797145513618,41.90515884655221,46.19955531382768,41.12903298656414,46.36969275387548,44.4174628931152,45.77671587458787,42.76888061262057,40.92805237149962,44.657076459576516,42.69614479313433,42.76803505862179,45.455678167107095,43.86370708581939,43.483588606286965,43.983814217527865,44.0699042756813,45.3100002972545,44.215894853529015,44.5787207069669,45.340748292206264,43.94351230104258,43.54885898633901,45.61978642642553,44.01702729635278,42.074806057357655,44.0461865254606,43.10307113124721,44.03474609064637,44.1444969591303,44.361465414076235,44.93952708124376,42.77573682055026,43.210173129772954,42.71891729732266,43.77408673892288,43.46425662639073,42.20508363876465,44.587061564122614,43.00839415869155,45.59785386208004,44.76392114301644,44.774935516002095,42.84001434148867,45.73980940227868,45.25709633831385,43.67274055648247,43.97509014657834,43.30224446401848,43.409401827787754,45.095842301837806,44.66064696145014,43.21112785895022,42.46953429241594,45.053406474920074,43.197919548595486,44.51448620372771,44.045910995479495,44.16762573212216,43.581212526531324,43.760220704229944,44.89946491669345,44.57647181717117,42.782968392397734,43.87467708176787,45.35447318521072,45.67180591984571,43.23936915504754,43.38853302592909,44.670897032866066,AgilentQXT
42.803307283483996,45.6152883294437,45.95775621116456,43.84898600873311,43.75003836533002,44.06986223922447,42.748943632912436,49.51837483391722,45.9862147944183,43.94356160106394,42.84554562686163,44.031461932181706,44.242675407698755,49.70234604105572,56.87829997870982,43.641460355129716,42.66032874948447,50.00781057810578,44.91043313608481,45.54679713551135,42.446617197026285,43.87636461499493,42.25356467418798,44.56363983898579,46.68241071428571,42.715960850743464,43.74291571622822,46.604194318314114,43.818856298217874,46.3700839070568,43.719060523938566,42.881489156804115,44.47944330711477,42.279059022341045,47.69211370930766,43.217787770675386,45.91404074343857,42.2460668633235,43.73786554892205,43.89015124568346,42.93731297663015,43.80114055690772,45.75665084009119,45.76261441898696,45.73877524723252,46.00163903276076,42.014652014652015,48.405660377358494,41.174433003115176,48.15216256553843,48.5611985472155,41.976499075627586,43.20968113124663,44.96482760274301,44.90722363766442,44.44239043023724,43.111938202247195,46.100287779600045,45.74170077914887,47.92099952417158,45.52785671995264,51.708007991324216,43.74966598961859,41.54844704712755,47.6664121796606,49.648170856325365,42.698144902132626,43.91766013425557,44.57934201976885,44.89852246817237,48.29663536776213,42.21063336494889,48.82163895790929,NexteraCap
42.84778220439631,42.74367590790232,43.412050273255254,43.7560192910532,42.168348846658894,43.22416305984491,47.37623836211307,48.76808746452288,42.62330255308011,43.804457418587006,42.49660561138885,42.31186823820946,43.40692391109278,50.085959687314585,49.3352200468756,43.20915555397629,43.457495412343604,43.924075792970676,43.22816317671932,43.870557600562385,43.270720236486376,42.53868594302589,43.559557091398645,43.48813402020379,49.94373839736908,43.68288339173854,44.73429953300925,42.814234708647895,46.62379200172494,43.77249900601975,44.856957372166455,41.85595767776807,45.58791478432662,47.77466564528168,47.243921215418915,41.73328479872951,44.11224304760136,42.94215580092273,43.082332159892644,43.382495534416925,42.2610884524902,43.12440131288483,43.849105080582795,44.2681559465238,45.26479928335062,44.8218195437248,44.616689144161285,44.814593738283996,44.971459409261,43.31433445381662,46.12193724492173,42.55580164910329,44.46192524063945,44.097885842630696,42.89137677394117,45.33268629587474,43.06699493676661,44.25160703206851,43.20285135068438,48.35019960149558,43.526218162593686,47.618795122294095,44.03209826267981,43.61400310387066,44.25532948415584,48.71165160597807,41.595880941585484,43.14939982786551,43.52353826463756,43.41757330524481,48.38421750399359,43.98943799335933,49.187887779993474,NexteraCap
43.100175054143044,43.51590423322903,43.084394746080996,43.903122240880236,42.63043399110345,44.276573276951225,40.09277172700602,46.5376476499041,43.4596243850785,45.21576234684025,43.42752268321139,42.12456793406581,43.79267471890247,45.875271110547956,44.29842299640692,43.574335165699665,44.11985457423956,44.33153221953702,44.01117239571947,44.431347339608664,43.490194462949454,44.07402598042892,44.6828655072698,43.219106195640606,44.250932228952955,43.18476252244518,44.622616760958685,44.84079797660153,42.269683382146255,43.80570106221645,45.8791450702986,43.14006111404466,42.95759902180989,44.75125652786813,44.01955832117317,42.48657783139143,45.31543965589558,44.00307567794336,43.00143341548678,43.86066390803019,42.88411250868002,43.891005218518245,44.05705755269444,44.21626495149152,43.53192173680809,43.14166548513032,45.29038214176146,45.449257898973876,43.55271193205821,43.35740952807452,43.37524201397215,41.703928143364976,44.68075443853257,43.80825789813487,43.227429645566545,44.32455540085192,42.452394676687064,43.72101631670199,44.08000700851229,43.88780968168378,44.770329849725094,43.49295027007109,44.937772429127044,42.96861799965699,43.60543995850496,42.87231147057474,43.50642571425308,44.245457521970565,44.412882205017766,44.01192180918665,43.416491206235406,44.72448473781116,44.96531718860917,Nextera
43.027271811157505,42.935682443162754,43.3903898853457,43.363179933400225,42.95147419509225,43.88879046769506,43.424672766988515,43.8538294159046,42.92117609449942,43.39090444295951,43.124717186724745,42.35252124008864,44.4663013003726,44.86140819426734,43.30283680862465,43.64207008505612,43.86256529819953,43.53792604172374,43.55761113516636,44.161806357996504,42.84498562848671,42.8801741747709,43.837865614572564,43.119095974407806,42.88803776918089,44.02927363012648,43.17688160341001,42.965550034040476,41.61070384331389,43.35049258583127,44.326529440417765,41.96803948276548,43.8222744071293,45.66212646628578,44.31661425290259,41.71699877094849,44.72596257615069,42.85778328327153,43.36824277092379,44.132996360623686,41.193907232677525,43.780564463883735,44.17105419542841,44.48542600266715,43.19933889054648,42.63888242289525,43.857114813877324,45.13246219567177,43.83973989600464,43.03486919113928,43.63123214314091,42.474055672271376,44.02337188342579,44.26556870487476,42.99489546351301,43.63122742287795,42.97677270364912,43.531842710597175,44.17429563260119,43.115055510433855,43.54656410316954,43.458530478351676,44.12896287437269,44.149164560840575,44.31551916674457,43.039816779991384,43.01044358319333,43.398730688878494,44.109070453076825,43.35758696295499,42.48769343651479,44.13427618211234,43.93894733072407,Nextera
41.883383930369234,41.97093785838675,41.728968900203846,42.01867239639804,41.242771956840244,41.86402052008344,41.96493113113686,45.86344014812254,41.498884392190064,42.56844784290662,41.07600507740688,41.12349913422243,42.6867034371327,51.441730753203686,45.96548021516345,41.54960142723791,42.18159385690488,42.55991473451513,42.457655450421164,42.05120874072552,41.435667474720475,41.40869968483215,41.492348608987925,42.3669844521645,41.48991892906061,41.70126103495417,42.22654589008641,41.82969247470441,42.52931144854141,42.41886287460372,43.08600887447534,40.88716069187359,44.44666324468165,42.94638189394129,44.01450747950834,40.50092959493125,42.92680338259441,42.136411277813146,41.404997480961434,41.60978535086431,40.90428228679217,41.96246955147589,42.23593444488579,42.679018762385745,42.28228458548396,43.52822644784235,40.739227998992874,43.39887983912615,42.80793261815969,42.744908934460064,43.69713781978566,41.49874349689745,42.206284702778795,42.15297354865994,42.29835644839071,43.27626243211231,41.64921434860446,42.44092438557326,42.15539810219469,44.74372322769234,42.91901186497985,44.5434352184763,42.52187899278701,41.6711536559205,43.82081358666713,42.8143326609943,41.960360034515276,41.70166728348944,41.71812753367473,42.5700494393208,48.81740863510363,42.17337628809595,45.9209386155982,NexteraCap
43.827950472188945,43.7174754295262,43.36798154296329,43.81010379480271,42.541759028655655,43.749763706531475,44.4146869936387,48.17809246243573,43.76968085920057,44.722335977566324,43.41805747113978,43.189106917008715,44.6038023790349,49.902242980312124,52.32610950825609,43.79436655101677,44.06917028830403,44.8358373431942,44.30877111356823,44.669232469536276,44.085546994372045,43.98614905494649,43.760815563067965,43.8932279042161,49.309059380845156,44.41150985396753,44.68069806875741,44.637961677342666,47.890160890557844,44.62227229223795,45.19293204711696,42.65967361534234,46.219292035812344,48.1987142602649,47.437145278181745,42.05762895603628,45.19372362510029,43.80278199404842,43.7758379951232,44.20166155837729,42.881289539846975,43.79614766623129,44.55592360919918,45.15700749398164,44.71928433311454,45.47651537518621,45.50601192917105,44.967189121585434,44.28955500788566,44.344447701558465,46.22611274170682,43.33399916783787,44.73817045640808,44.11707702040292,43.70616575115056,45.70774233373838,43.94317374371297,44.6498533154623,44.11786486260143,48.54103378186523,44.9744345332106,47.94404201768057,44.64843900410862,44.06697741253354,45.45348759924285,51.130556929652826,43.248918777532595,43.60370106450117,43.93602738990807,44.05648617862824,48.24122853187427,44.7571794110063,48.33677325980733,NexteraCap
39.34894540624614,39.68570380578698,39.75268665554674,39.746705237896705,38.938563588249366,40.07523422386538,39.329435300563446,39.42971052550673,39.45501337074052,39.95226596223617,39.35282325250957,39.092072050603434,40.169049155898534,41.278421356336246,39.273382104979596,39.91812350156177,40.027895881915896,40.50721275785081,40.079953975823365,40.72468177061665,39.88343236120173,40.055126669443595,40.31267184193053,39.93638554131126,39.29262965455024,40.37645781503856,40.16002976651505,40.00829977581278,38.88652344532707,39.779783172150154,40.528254645481404,39.724813543325176,39.796233067534644,39.16013939935529,39.28870371519943,38.83525491327014,40.494867453772706,39.91491060182465,39.304727755162645,39.92882974193831,39.07548635427656,40.109152192321545,40.05063985854439,40.96083113161635,39.55324516432797,39.649478574520614,39.54219105948812,40.39305553217897,40.126300206018705,40.2849462992036,39.51594510635044,39.21496264602886,39.96345432035674,40.39838217838116,40.09847138041377,40.54492381670645,39.57588802061469,39.9033940649739,39.94234701400001,39.7567219832728,39.5853077430138,39.8520238651507,40.17262898176876,39.736396534228724,40.07596478714209,39.004871411042885,38.85423155827633,39.71247283927919,39.72629530755227,40.2991992144521,40.05412448396256,40.284816392186,39.91094718968212,KAPACovaris
44.2037065237325,43.79835716554641,45.5050686511936,44.23900726739783,42.30564561685299,46.35184622357116,42.060317249037865,47.284612079645946,44.47578476971597,46.49713297746288,43.26136048474735,41.835829465145714,45.039420340734296,48.12708008304468,42.70646974742543,45.776493541567305,44.09993838420993,43.35186006092301,44.36834294702174,44.214066472507795,45.531705543422305,45.27958316968317,45.14909348705383,44.97215760420939,44.98779777534396,44.75690005432656,47.16929667698144,43.835762003702996,41.82442401682455,44.37984878858887,44.03030663315896,44.67357807586249,44.83192491914458,44.334893347975914,43.33987478761392,43.46941340462717,45.503796735083526,43.88294139127228,43.72858619472416,44.280254782466805,43.16851137274179,44.7788314788723,44.00770134127256,45.849231423027625,45.16565373459661,45.49853591570411,44.35417541604991,45.84141191520643,45.339558535023116,44.24805450939315,44.39304478338824,43.58371899896519,44.38871411581589,45.52038023818583,44.654038339334704,44.44661778986193,42.960675335135846,44.91686661685554,43.84687790121966,44.15062253457291,43.875519196328405,43.70587968126909,43.89424951430971,43.834342413755486,45.47973286717909,45.298958707012474,42.31755042685006,44.62329653993001,45.72692426798959,46.059329123467,43.786050561401375,43.88478278775307,44.69017147990925,AgilentQXT
41.81641417855096,41.60985789464179,41.80138904835444,42.170564093616996,40.981449773975264,43.249195374269455,41.6201384441612,43.41160611689017,42.325317718858535,42.73300684593081,41.7526163824932,40.63000487428065,42.70217434017283,42.78103287671965,41.602616798165144,42.72246491034919,42.687219758529146,41.89071323200005,41.904341484560106,43.165957785325425,42.40698338727757,42.687515047668484,42.691843837303345,42.3673310932421,40.98233667433722,42.92131405501065,42.81229421392761,42.41092998305444,41.19753564697735,42.500006390972004,43.35775500756744,41.462363218594035,42.447059068337914,42.20236599655056,40.510811437252215,40.2356462031628,42.37632182755438,41.717985618207436,42.29050529620304,42.042974976904354,40.744517554782526,42.683283636218846,42.348032141199695,42.82874285945445,42.494957799061375,42.13708634555662,42.384437726492195,43.16893646496278,42.672459743245774,42.467658781542305,41.24789827225265,41.36703387270323,41.570613167741485,42.75103739672789,42.77410556057389,42.049246567897924,41.27244659418368,42.72784839242358,42.214628983488055,41.68267208223106,42.54737651982205,41.96766665930139,41.930836810567385,42.306217921686304,42.563430176512725,40.89470752408519,41.83468985595139,41.98773015176998,43.20564510829562,42.49585486542753,42.084181496419504,42.12331354640085,42.469167929731896,KAPAEnzyme
45.35625647759568,45.95201302663138,46.15818616227035,46.15160292576301,44.34287571524693,47.447946288657654,44.249125989410494,47.273431290832946,45.499907913011,47.635358627679054,45.31667787610058,43.74840107327987,46.09592816023874,45.452079316229344,44.599219785134515,46.680873412806136,46.15245901247195,45.220583639730606,46.984751009030305,46.236040631865436,46.446132335003114,45.97399441144929,46.33308755121227,46.48748929147231,45.12871153938783,45.942181256853814,47.43138954820757,46.38266229711557,44.217920630769925,46.621742896681724,45.51929044675267,45.93359299893669,47.4364357997698,46.884107905120764,44.97586275169601,44.25433598662185,46.355573344919996,45.00201881162589,45.654871697980624,46.44133962322438,44.92141337755574,46.12088165194312,45.59799240710286,46.84726059223127,45.47943210758787,45.85245389960807,46.62344798298029,46.239925210522934,47.41370466476711,45.604086553511856,44.66058258800071,44.49104329584787,45.992961043739115,47.62776201870042,45.8533213441152,46.494077570460114,44.43953010970343,46.53086046821971,45.723708945377396,46.04666897994891,45.12274240221364,45.38800902450907,45.68994013280295,46.81630366783876,47.60670987422945,44.547872215728255,45.28653297432557,46.48217775239216,46.69993992566562,47.196607090696496,45.285863479118504,46.04305836184445,46.78539828419564,KAPAEnzyme
38.70916745557282,38.81830895296198,39.30143082754988,39.182287078416316,38.36974198638055,39.37483179018549,38.089755464815916,39.51496420170411,39.16013517734763,39.37989725150486,38.700582525912274,38.282660257657774,39.253738467432285,39.49300232124223,38.89334577575978,39.169670163018246,39.607594116192054,39.16184706416902,39.2576467481795,39.73225583325127,39.36391739772323,38.94246495235426,39.38315742696248,39.213153196101935,39.05439256720871,39.560542210657026,39.08080496818498,39.503188018161794,38.209909633194876,39.33868004221765,39.74367025504502,39.17872374193459,39.735545133002276,38.36369514856076,38.86164137408417,38.11403054943459,39.73425759011661,38.858228719610075,38.645136291722494,39.11930352210215,38.50277336623782,39.472395233065654,39.25062999260392,40.0359531547799,39.06994634424728,38.900807656413114,38.61942629026699,39.15866430989083,39.62516990655509,39.44035142290445,38.85348978664098,38.30762757531395,39.42294783442966,39.645117051079026,39.64404438896814,39.35506358403421,39.05855694579409,39.229852489540555,39.31655978657294,38.81713035033105,38.813024911837914,38.69484163489104,39.1909848007873,39.30793200772036,39.353314822548356,39.069982150993994,38.503714163947635,39.06488010000474,38.80843331830024,39.36893151246673,38.98899923035839,39.17288195212744,39.23319315015097,KAPAEnzyme
43.696153012238206,44.29868963745505,44.5641019478381,44.56880526075657,42.705713297796116,46.47441273863471,42.86069415105142,45.63766421593036,44.60585984812641,45.99764631706732,43.44220551904523,42.19975278156517,45.16413755028691,45.344582541505446,43.26401113009019,45.18128886675302,44.241084687069616,43.51657576648571,44.89401156998302,44.67668047325528,45.17536958028258,45.7856889409534,44.77008314034053,45.37357908959504,45.12510956395329,44.323630252845504,44.5771585015943,43.99464253346509,42.42364770501193,44.3893426003021,42.37040552230806,44.80205101526,44.872282235264876,43.76067019193707,44.030662577071695,43.677822102719475,44.134469938179876,43.51233509705187,44.25778875069521,44.462038888236734,43.549440882220445,45.08257196646459,44.078530341021505,46.05163159659045,44.711974810336855,44.36240730908867,44.04757011331508,45.07218994069689,45.765875214266934,44.318677476721504,43.655510327074595,43.66002393739844,44.36019133204839,45.627933497931146,44.60514914470058,45.20592395742576,42.89449072888673,45.09775820672008,43.752610507619956,44.009226022727525,44.224074713860176,44.27441190984274,44.68269324166704,43.612924620526016,45.909980381501306,43.93628044068428,43.83171044165453,44.49727433263307,45.32354813484195,45.43905172809369,44.09516601594275,44.43099692859792,44.69387455019339,Twist
46.35221234737627,45.956119339572574,48.53721952334097,47.61088425839525,43.995677415347615,49.64755013537382,46.35037577724105,49.22885336924515,47.11748640620094,47.98947310352096,45.03028213420327,43.50472102697024,47.194735235433356,47.47883056675539,45.42760127212716,48.38988894654044,46.855459288713575,44.50440518700752,47.60515797663111,46.761243239607055,48.748560308058565,47.84407132553954,48.850479103503076,47.81835959215051,48.058089848280765,47.63269819142319,49.372277313834196,48.12818899664404,44.44380007597337,46.03178978545281,47.49933615924755,46.48967713975846,48.11956333691027,47.50533822265974,47.42756120661266,45.96488376848626,46.38258457451587,45.46548740297949,48.00071922678626,45.93262514584489,45.196113216096116,47.711984053332166,46.44400040795289,47.95671052500382,48.29110864000852,48.403243457614806,45.7694653776822,48.38449621041497,48.242369344401546,47.35548968947987,46.592590729546416,46.55773929861683,45.60901984047423,47.86363688967827,48.70682679455929,46.03473727020064,44.909202001447035,48.468940503967545,46.32911275774752,47.27469453634976,46.66232354926312,46.85379200162154,45.54536891105674,46.50036171417613,48.491945343403884,46.733842594775396,45.85025423564061,46.52791203157579,48.40601780210072,48.77500943070965,45.90483176962374,45.8224721855499,47.546198588515146,AgilentQXT
40.214159340021155,41.027875763715485,41.246107747001425,40.99354392287358,39.66545589268559,41.18456038680785,40.784560628456276,42.40043049204288,40.65869096796438,40.67566069596319,40.43098445313207,39.38650217177869,41.068082783815356,42.279339804730085,40.06609323341565,41.254880876921405,42.07826903429136,42.45010719621837,41.32149377177145,41.6531693633577,40.93237816581998,41.256734126222,40.91193851040483,40.68966163010151,41.19581572524182,41.04487914770063,41.05450791734394,40.99026408474376,40.14364354642704,41.15882970512562,42.20763409520131,40.25217069295613,40.5443996745892,39.4096908769717,40.231571071910174,40.51640324106472,41.47879480372652,41.367813621212306,40.10966492257694,40.651671828734834,39.51697934103371,41.74388074902714,40.962466704199514,41.23331072792874,39.89320399296207,40.589716730783856,38.6878704453508,42.57687655957994,41.41979947216452,40.87299795909291,40.69029029135201,40.116639198319206,40.20464336823429,41.45773698175897,40.88498470621157,41.07342555475908,40.629010255266955,41.09033896353126,41.104036023364166,40.55514983355999,40.08443857819621,40.50372677382716,42.03124923526464,41.16921523038457,41.41274086384828,40.604955367887094,40.50845759103758,41.14344564523347,41.010366212215,41.18759557456023,41.683347575586566,41.29387070447513,41.394922975076504,Nextera
43.75193823371831,44.16035359393301,44.08648978113291,44.625006447260944,43.38979979401421,44.86212966262967,43.914460954466826,46.08592565801921,44.38823438785234,44.57184467911323,43.82065655112615,43.60654342386549,45.58687913880023,47.136117049388496,43.97844441829295,44.540864839439735,44.6654262227805,45.55664132174146,44.864465929775164,45.22272654899614,44.32372828871769,44.64602900288473,44.377374961086296,44.083954573620574,44.07078748384181,44.9827661349023,45.1065869930569,44.48816545621451,43.036737149098364,44.53681655211068,45.50727030478292,43.041378456807244,45.11712695467027,44.86992386381233,44.46453150093603,42.71775341445338,45.31840738339627,44.738176908883865,43.828594100968715,44.554337651477304,43.44953012553713,44.56837038947441,45.005500560528866,44.671856032697775,44.089673717306624,43.917314214072725,44.92467508624724,46.43729264035529,44.52998642479956,44.585769035034986,44.06145385273961,43.375460094830295,45.38650697998696,44.93504663779901,44.08907724900169,45.00826443066912,43.41725808554907,43.89039741461313,44.76764816828412,44.540221636607846,45.281415631530145,44.298073925246136,45.00015724077583,45.36282376787184,44.63786622705497,43.873449204568594,45.14566805853999,44.334348844865296,44.592839229767314,44.577218224220736,44.52056939348308,44.84582187558029,45.91726299819471,Nextera
44.67897765702004,45.35933709960841,46.00524188109794,45.53134051262367,43.858046576913,47.285716337406484,43.46162946140643,47.52741148281237,45.402820497321265,47.07116490601633,44.67388193237643,43.40548760708052,46.30397989079113,45.95737863511119,43.72094594314031,46.02651822535245,45.84609217239303,45.31239622729294,46.50401152034016,45.66492681995379,46.010606476616346,45.61558739568293,46.25954967405049,45.69811066743878,45.283708562901005,45.14811263848696,46.50971674076631,45.851560564668866,42.67651309514868,45.891537014643625,44.80248859191729,45.6861926068964,45.60292069808632,47.33743314364774,45.692771002239375,44.07347187020478,46.45716469767924,45.273504977958694,44.497191671939476,45.618278270458504,44.246318160811185,46.230500851127246,45.141207465406524,46.38739413855358,45.60742404748494,45.241437362938136,45.99626465609993,45.39065120331719,46.25350733873097,45.63337071131337,44.3553708713094,43.81059603641676,45.63386071434862,46.483289233547666,45.41106024987628,45.902115576722764,43.8607379241305,46.137670188498895,45.6845847616555,44.548821577526866,46.22840354307448,45.12428465890596,45.58544445812401,45.59591208413086,46.45260952259998,44.46398655321256,43.613034424029294,45.559481909439484,45.9765522117828,46.207361473052224,44.469828525033776,45.65196435817529,46.3163189202461,KAPAEnzyme
43.69630645999991,43.98245449883685,43.887885587527386,43.30414976085907,42.61296335595365,44.0062476999245,45.06699921534417,48.83665299368932,43.057373577852445,44.93563792268975,42.67607820145396,42.70147976527922,44.074585188091945,49.1386607554157,47.01301631066686,42.96356599439303,44.18124739465524,44.8930389054807,43.92562087230466,44.442816179085334,43.538423957260164,43.145985035178406,43.03092943316584,43.19918331583165,51.146816445007744,43.44819605432541,44.687708440333246,41.96776469296766,45.101915606001214,44.23959821331681,44.2203396531966,42.23060221487581,44.95241224055785,44.46211563747542,47.46772379288743,42.4232300450614,45.061183713436364,43.99870000972458,43.165475897786614,42.94949799429473,42.53974518020297,43.55584655522762,43.78867835764405,44.74292982537021,43.43286699453316,44.77856036772426,41.67866132716792,44.78856846556439,44.080344746770386,44.10312372850002,46.512493534120075,43.24735674556142,44.070308358481476,43.71304667553488,44.133794367027164,46.0223917707401,43.42783088951538,44.69267503678091,43.44479517777493,46.933318162613006,43.35613549088627,46.2316075146219,44.151430649987425,43.276615219645095,45.075820435877944,46.266441504937504,42.6174102101552,43.60353795791448,43.626218970182045,43.77850512574305,51.53650092922821,44.270626419030265,48.56808801853317,NexteraCap
44.95136443021161,45.22509792132215,44.96155725132184,44.81907419311422,44.022485046526796,45.9203826578403,44.61564167958039,47.13412847809248,44.69114390441624,45.59246640648151,44.51028119724547,43.9418778522319,46.491743779141515,47.09942725884634,44.04475324963004,45.10791566514775,45.91118931101458,45.787318341429575,45.46080717418389,46.06503174498048,45.193401522246305,45.59442876693863,46.129127109874354,44.94877308607655,45.63828895473241,45.84463049190056,46.225278141718036,46.96519918873993,44.30016799512036,46.060201467576505,46.24771159589401,43.84851405829303,46.13662474361367,47.46006731478782,45.10713419646487,43.496854280716285,45.75204966339251,45.89817518554391,44.53841339563526,45.74801975881708,43.718382008624864,45.285969786347316,45.68188576593403,45.73187526867589,44.89152710608947,44.58849681330169,46.01107975536883,46.524559947396384,45.305370886365004,45.331153868655086,45.008131524746254,44.037191915433745,46.2468840924307,46.055129065966376,46.10233315307933,46.22619072055439,45.05875479246465,45.1991203038876,45.32407807334085,44.917978332709,46.00312854327703,44.940853177164726,45.510992143786815,45.379220582653474,45.61654116254817,44.515335960976444,44.58837698401831,44.870865188653,45.339592186520306,45.334210723814664,45.577136452431326,46.466530813767065,46.04409346039729,Nextera
42.21743707294099,42.788522988100034,42.913312140842606,43.354720889361104,41.649818334063134,43.62323828925962,41.93926261880059,45.34351311598606,42.86470822456086,43.20287283590957,42.375380194796364,41.488748560439916,43.073284586405144,43.98657342135703,41.69758708246033,42.78766802043967,43.82365989280573,43.87562184310019,43.782078930319734,44.33482413272242,43.181599007779,42.978385608223796,43.237026078853276,43.01815629448599,43.19789040552272,43.279099632280506,42.005233704108065,44.45675303891389,41.23255488409066,44.62383636489726,43.63655335678834,42.58696796453146,45.04590572100632,42.57955716714954,44.2795891456355,41.68813189849136,44.01406506153538,42.71467648650959,42.09581841202263,43.6654055237323,42.25561666822163,43.02181338907059,43.20795103404119,44.04998648087954,42.575948819922765,42.275340852523605,42.751663361291115,44.2585684178737,42.91536411183808,43.451773391501355,42.41228755985701,41.766675965732304,43.620852507121164,43.422182510833416,43.05293963198225,43.57124272395495,42.552321009051866,43.382353035147354,43.03446458753963,43.066455932506,42.28361039094423,42.228038436666594,44.06072915009119,43.765069637895564,43.81037945907574,43.75070021029278,43.53530825431176,42.43772736103523,44.31770138821946,43.152220007547726,42.82058782309983,44.17769891090911,43.718609835947014,Nextera
44.72045153397626,44.344850432168094,47.62195343875208,45.71200243794653,43.04324739921199,47.30308559969909,44.28753690188541,47.22725998947501,45.50955323739467,46.60410373631922,43.07183979694887,41.993735411233615,45.990842567667,46.210169311352495,42.86689836408107,46.71228539639566,45.78335742770434,43.382431046634395,46.160526058205356,45.16364838047366,46.955569268007956,45.783104867603264,45.45041156288894,46.57877879646243,47.38902236417909,45.34100948072226,47.59563438445822,45.56647278668079,42.29145008618233,45.47830071008358,44.036151930560806,44.7417200578556,46.2149221033627,46.98034319220337,44.68453877783094,43.69897952087155,44.863682733771036,43.83886654420537,45.21873220919857,45.94332850401707,43.05663137717319,45.70743246888134,44.39852930661171,46.93109318470032,46.75724972248134,46.45794680016022,43.13657604100682,46.36761640108276,47.686555292420685,45.66711248465734,45.369981240193205,44.70543330390128,43.59816079663839,45.49882908356747,46.55297483671903,44.44017734567346,43.383938515040995,46.30248442075596,44.546012898926094,44.89115366605387,44.09276039892351,44.72095341523386,44.48712793716572,45.33861935940127,46.38571019621522,46.59599048170307,44.24237353314457,44.88097365513983,46.74114971028558,47.36006047317083,44.839649410697284,44.477421278167,45.45403418473031,AgilentQXT
40.39495963499416,41.335084101169414,41.489968813685444,41.54693007089008,39.79279321693404,41.493210587982546,40.60424551427529,41.579535893118255,40.68560387021644,40.95551794968828,40.783562034507,39.62677910652493,41.97369352710775,42.37701437960003,41.103440724317,41.52254688913107,42.1102416878145,41.56654877815447,41.74904101064933,41.723349100137334,40.97232907187097,41.23071855255699,41.0276089078289,40.59494984158474,41.633598615159265,41.19641315217137,41.28244714460203,41.12255346095376,40.731610474397925,41.581858785441625,43.24967132617935,40.84027701460253,40.51100863424121,40.494852575291624,40.450916462645964,41.216119941206,41.98835784098063,40.70902940520137,40.45566489453451,41.166612501365535,39.73791268743017,42.16607929723009,41.521668181411535,41.704196433916785,39.78459427408622,40.54049752967648,38.44467654579011,42.959460005108085,41.555165086150886,41.6637700500164,40.793218025702124,40.37088119502808,40.468096071012,41.87637556539201,41.31499858496329,41.60797554289752,41.4019906874258,41.422121589850924,41.80384174667388,40.64688090089762,39.96719075252941,41.22088832391329,41.809167358829775,40.945584205791164,41.537815012442074,40.22383590338224,40.11814952078316,41.251025804998136,41.31886739355681,41.268808208975564,40.300038136245654,41.568406622522765,41.45656566185592,Nextera
42.174604951313654,41.81462874827492,41.677941495202525,42.04511952615017,41.198974811283364,42.5265068109754,41.53314984089893,43.95021679770595,41.81745571669494,42.161541050466816,41.736223411923774,40.935845684812115,42.0990648078028,47.08338528202191,50.0532590839343,41.66204052106822,42.098835255949254,41.99718708612827,41.98305450029693,41.93460076402378,42.48417156213283,41.54259790256591,42.30359503812453,42.16930102772139,44.11215307679693,42.18392348955737,43.81472480754169,42.42964343604463,44.09234254542914,42.27835507785142,41.45693770796864,42.09406026769479,44.23288451645628,46.799677952437186,45.01912236517944,40.754613582532755,43.14154866114643,42.46885976616696,41.413018980932165,42.15105928681935,42.06143219141098,41.85107201483208,42.46838689815809,42.54070020460551,43.0092627524105,43.51692428214175,42.92842425238708,43.0360327552195,43.06231473272712,41.94945403624807,43.54406326630348,41.71843787655619,42.462511757146046,42.73744493392534,42.2931044431709,43.99792256610126,41.46581114169396,42.5809313107689,42.38974168583551,46.206885289472375,43.724747880455354,44.17011564743132,42.56490738148558,41.50606272661678,44.096292031296436,44.35151338290704,40.942622550029995,42.136302738352846,42.5640768094998,42.47280382830012,47.287529918043624,42.941991547727646,45.53606726538814,NexteraCap
43.62838261545455,43.69527616314842,44.319687735213144,44.40584657701998,42.86259101880812,44.8309871292896,44.30488659735111,45.49622846593141,43.332486074655996,44.406382526959284,43.70783419398807,42.8658198603026,44.59787459395118,47.40117549002314,42.64245983877314,43.720539587267005,44.85234695190681,44.31535035928266,45.362287861523754,44.64626627118984,44.28468448641794,44.21770513180265,43.8343681654418,43.978249055540076,43.45635035162846,44.83556345803086,43.79708095942277,44.064964914709925,42.10847504434133,44.9895188101449,45.59878550546082,42.689441603225674,44.73210366362348,43.588508137123625,44.810119970000265,43.17015996635971,44.97370866817818,44.72187934877357,42.52906920068853,44.57497768109462,42.49732328568382,43.79446953382745,44.19976404085938,44.495599156727486,43.61808268921448,43.08008008449493,44.0962604389188,44.99574281139573,44.65670226251163,44.6658346815058,44.39397672655849,42.46065878613973,44.497028826681024,46.10207122488819,44.955408650745134,45.58972751474273,43.88271250720855,43.88282886747303,45.25933152654413,44.38532097102969,43.36115891735433,43.864718508403165,44.36919508884062,44.076685944478136,44.123371714238075,43.28658441155536,43.93948705324776,44.823467977423675,44.53120466675709,44.42070271740768,45.1365593236234,45.51562265993198,44.061621468359505,Nextera
42.99748942629333,42.44171541376795,42.93274780204671,43.28784047521281,41.72636277285338,43.04689581097662,46.673375492734486,48.83008559931528,41.98747786995656,43.64368462657059,42.54321742367257,41.90130162294272,43.0393792467969,49.42172446262497,49.476595177552376,42.62858605931781,43.10488282696911,43.48727121614594,43.0729556436169,43.53086061673187,43.03674236647099,43.03747461670331,42.763901599815384,42.73896003227618,46.88424174129741,43.68334996332945,44.59241673056575,42.994927168809085,45.46441639444894,43.50705182466408,44.83512789993113,41.902012295990886,46.07359518824821,42.66070989762176,47.21280793325597,40.968837861235436,43.933363906481105,43.31645765313077,43.32094456673224,43.449732104258665,41.837003396171376,42.93138462138465,43.65776701145516,43.529819056402076,44.89286519121422,44.346543990752245,44.43520110169424,43.90691597572311,43.90821814674519,43.39602658386903,44.87123036543767,42.79523564629419,43.76012034342375,43.50855594282119,43.108560094683114,44.01144135735725,42.04167891229288,44.080957633339175,43.007935032078336,47.89256989467746,43.87153751393869,47.81984260771523,43.35174260637101,42.79136652888664,43.97035113632094,45.93862254969539,42.82503798451249,42.83853314162714,43.23890029337119,43.515596999981156,48.98249557971329,43.80155114247279,48.00379183457914,NexteraCap
43.616704270731276,43.14126355932953,43.93964473317679,44.19378744585368,42.60497882303673,43.88843390512883,44.31922402568952,45.77032927017912,43.45462015488672,44.23313273619535,43.22708663733085,42.788825765952915,45.15279876345886,47.11286401351605,42.628826122413685,43.76341432545044,44.28953736173043,43.96525933409406,44.262618648627196,44.76765011131454,44.817948810042395,44.319516892948435,42.86679303436291,43.7994742815068,44.01497704237929,44.90814835034863,45.156883270770344,44.37826437136109,41.42402052628113,45.297099065270935,44.94513674949813,43.03688482873658,44.65532850789683,43.57224710776582,44.22317325479555,41.987070998654836,45.23441932016296,43.173958743513026,42.44831385595225,43.69151768835717,42.84353009911937,43.864587944578524,43.9533857739506,45.124642295985716,43.094542175231,43.32317447121655,41.759271734185006,45.09607320585514,43.549580737095205,45.0694554208694,43.630992094674504,42.847830832093805,43.92074909052311,44.393402673754984,44.82872789464596,43.65718751730213,43.17744919390126,43.927449622677486,44.46918925219212,43.950829222022705,42.40978556544914,43.77904014686985,45.011065344589355,43.52708135608807,43.909164794836606,43.06748341562659,42.487897549405744,44.0980491681186,43.374568307519255,44.47521141187555,44.81677267285505,44.65352006108079,43.960851624356565,Nextera
44.678099413356314,44.98451799172833,45.83814777264435,45.2917867172761,43.91520422013164,46.70633598517613,41.443898202817074,47.37549358975492,45.450123552366904,46.705362054150726,44.68363024654918,43.48370018835389,45.51651793848854,46.543406051632495,43.93287734274521,45.94201451549137,45.79617134969553,46.28112265990335,45.7267182667629,46.0731578780352,45.69226263260095,45.51412330016278,46.05131907212326,45.17651586842316,44.09614402494799,45.018133354116145,45.35706497421053,45.724921871394905,42.94448231405367,45.886471144798406,45.21043635214975,44.92723426728687,44.38481272901797,45.3579073032745,44.856332776775126,43.68684162594538,45.934820651961324,44.94452961490172,43.910321879074274,46.13319314427826,44.88757748835326,46.17256626135745,45.14733740033452,46.754391695266044,45.47228571447078,45.13723695999786,46.60630143885419,46.76596476581252,46.730780662290925,45.30737635295009,43.998235175483686,44.14871825349243,45.49786041965541,46.689291543832226,45.68771255301153,45.823615041790546,43.96311231534837,45.75896255031139,45.36601038544043,45.17718938836014,45.19175712475209,45.01331195922347,45.29287864673859,45.14135446764044,46.03427274894209,43.786564926143896,44.821681850973036,45.944338128701325,46.60765866680021,46.243629313231104,44.88164992773472,46.18488897883741,45.95236544077924,KAPAEnzyme
43.68179956130626,44.19980559971482,44.74240505242162,43.804916017065715,43.39335533893386,44.761378663331904,43.410178930745865,45.685235064266074,44.43251194823296,44.869842066117485,43.91933909434378,43.464468888516826,45.66153325168935,45.328592337040995,43.67489326430957,44.64895006347026,45.20066640791828,45.319582098752306,44.636178928932296,45.33332920833773,44.92459816631184,44.65100299349283,44.47968918559202,44.722117479991695,45.75631025974424,44.91412689923799,45.560815433960215,44.99100836627637,43.47300665176706,44.731935279559806,47.22117490853825,43.869392381105015,44.867788664033355,45.17802909100448,44.347785415237,43.299772427900905,45.039766556238526,44.683725209911856,43.2320720539529,45.094232525328,42.853690282698864,44.73126655934944,44.93730402585511,45.29298673802568,44.39546369319683,43.87909228666038,45.44345622489606,45.03681111568125,44.66227410146243,44.9820667176822,44.3836419946846,42.98278391218557,45.61264564079285,45.053629509292506,44.817981642530505,44.93586397006936,44.193081095397304,44.27748412804271,44.79065083266833,45.512075403495544,45.79722635676889,44.12581553311551,45.945328386132,45.52718827307357,44.777827870916255,43.71286019225907,43.06225106488501,44.484281249220764,44.53060679905793,44.2370975651406,44.23462846615967,45.25700109866482,44.43502982276994,Nextera
45.377601274796525,44.82879255445611,46.03282774329984,46.20821281078793,43.76837540161169,48.154299785004426,45.36434153161166,48.96582913399807,46.09242520021328,47.21313911801339,43.81890984547637,42.661119618550245,45.613001628095894,48.12442304104373,44.9648470432193,47.48341833577771,45.925070359258015,44.58999240612828,46.708495789949176,45.886170015042275,47.487946886925485,46.439685623426314,46.4463975062562,46.99646826259298,47.0675529423061,46.418776068399744,48.52885351897725,46.830130225625744,43.47575751998867,46.238011476644346,47.13940079148866,45.53820678907927,47.79249333624684,47.333680305183506,45.96815894900349,44.92015809829855,45.06324197352434,44.39865975147759,46.02750147824766,45.9988839388132,43.87295182467769,46.620363483573776,45.23330125507913,46.700166124679235,47.51611286369109,47.10842050407106,46.66055812385087,47.48778047098987,46.961934920927156,46.52989519252633,45.47458376268103,45.17619593669977,45.32124090309902,46.36928434424346,47.225178558528135,45.2091930371438,44.518173250493085,47.41340155461005,45.43331841205699,46.53984899535746,45.53519521414704,46.863903986137466,44.48234021589691,45.50825763133072,47.31177369023604,46.05826050673544,44.456656429745244,45.30387794905524,47.07166183834873,48.06605324070551,46.59653047597398,44.97796424937076,46.67755497841207,AgilentQXT
42.56058784981586,43.97475275342774,43.50610125046768,43.86151284950678,43.016984484058725,43.184339249840804,52.44612659698025,43.411205655729205,43.089423248490014,43.578606074461135,41.57159002409002,44.761387950450455,42.73705256796958,47.50229750778816,51.700372628726285,42.31337016328297,43.01687057577179,46.351269649334945,43.16022108350605,42.71046422300921,43.88352071628465,43.04191321837111,47.61434020624838,43.44368145668385,46.6153316560784,43.25451647097195,42.636219951893466,40.8337360510268,41.63077896512936,46.065823015873015,43.5943287037037,42.893322354529246,41.99682735906585,43.22434555211598,51.63704145289881,41.420333923042904,46.3393118785976,39.77106227106228,42.51830954926446,42.722451069906825,41.76687305801655,43.14230351673046,42.26135040012863,43.31313087348971,44.383120715925926,43.79096894624069,38.23694390715667,47.65820867115831,46.74346562378123,43.201948624657234,46.39009215167549,42.70937882059276,40.12810865128216,43.35998662964106,42.11416645627665,45.18885466575404,44.44711441041228,43.95318656346229,44.79955912762832,44.574320478529565,44.435160280808596,47.83060292033241,46.63889765851092,47.76375590580634,43.33757482376199,51.40834646858705,41.63916033693641,41.918983679397115,42.50156301378872,44.305371230417094,48.861554512258735,46.33257020757021,50.37819858712716,NexteraCap
43.68404843241699,43.06001470844521,45.4768494891852,44.478615811858624,42.19727792423611,45.96245777454841,43.2584244165935,47.02270490338806,44.47027366702845,45.08370828199634,42.44620331112683,41.40239489789998,44.59324536163654,45.312014284812115,42.9822891184305,45.72976012312069,44.80052858585347,42.69689129887339,44.77528867317697,44.77118875794175,45.639425715454884,44.36961066836314,44.53856068996441,45.58455817996959,44.9064994780538,45.42108979459685,45.60580418870332,45.679524730347964,40.8383098915866,44.515006810400315,45.4374941359887,44.39615194493967,45.04613613869741,44.63328922213234,44.52225072821989,42.71283280230664,44.695388128061616,43.529724622077865,44.18337185246676,44.72742509491602,41.688148733067635,44.82084092964669,43.68600732212411,45.573579028917145,44.89190470231155,44.92414537560815,42.41389900244313,45.988158525586016,44.958668276841166,44.583009674221806,44.568464621440114,43.50721766312345,43.470235072527736,45.22061020736733,44.52896908773608,44.265272080932675,42.709641708865995,45.42522967328888,44.11913535298887,44.68032116393716,43.228284699541874,43.94733474486993,44.04713230081763,44.65525909617088,45.08890207487259,44.8321681102441,42.9425825459814,44.2810436603731,45.07585921857198,45.60972987789431,43.660758244441055,44.371587143529375,44.587835301094984,AgilentQXT
42.84911163554776,43.55024084252302,44.14543622011338,43.1185127349201,42.10537033424075,44.25699124128223,44.34059086737545,46.39266764127599,43.04755248618262,44.536415701116944,43.25690650573336,42.26630848651257,44.62458099162377,46.55167184757663,43.236348788589055,43.681430941905056,43.926659764768935,44.53336833981824,44.47169952983024,44.52579406155827,43.322968466343234,43.98375592380217,43.12360921223315,43.31619965719727,44.06096967657905,43.40478206385633,42.36527412566771,44.21539053562599,41.28748664998279,44.56975761215519,44.85810325614803,43.60212643830905,43.97461958127965,46.237481793195215,42.33046905529451,43.50802676996571,45.501015288981975,43.54733603373436,42.571927362567614,43.53028610757209,42.2384002063455,43.286841486120764,43.82188225700768,45.12199290076877,42.49636510023262,43.01559439916026,44.3634981344582,43.82373543779429,43.88570371187426,44.102880205091644,43.56727609195594,42.04392384927279,44.62058491757232,44.715499920645456,42.983336803444026,44.03285540748301,43.50014729729987,43.37662173125577,44.433864942588535,43.26914787630177,43.972282941232784,43.872245043624005,44.66143873487249,43.88127169515798,43.733949010466596,42.73988495250535,42.86285307844022,43.81527368917841,44.39401987680979,43.652518121121915,44.273885428022055,44.90550225756929,44.50776870963292,Nextera
45.27196165648049,44.84331693968403,47.752516469293205,46.0023952459346,43.32325802664658,47.836054732455466,46.52994573998472,48.11133210777546,46.31847597515904,47.43242171693051,43.94344152033329,42.37694329303197,45.72264952923859,48.74748304682923,45.54682442762243,47.426883679445076,46.337928093302835,43.7464648124368,46.52618951390964,46.1933433813937,48.29714240622716,46.472034341723656,47.057940278920405,46.634484499630005,46.0805859822137,46.87879871204855,48.08885865471133,46.75415180091995,42.923904514074124,46.2926474104409,47.91280325379513,45.86946188561295,47.383494388858104,46.94737267306457,46.897999508411004,43.66090221834408,46.86573326980948,45.65449697039851,45.60964601901423,47.08084714170111,43.52038452460538,46.358233071397834,45.41239318364613,47.14126372391461,46.87528440348429,46.796538018612154,43.28348837766773,47.6955612954282,46.85391762747535,46.42590285735696,45.69006431089508,44.89922627789132,46.41383055391815,46.92666700375085,47.32843163255595,45.32748809801689,44.77858427398385,46.42847548835844,45.629816940663794,45.87654583234882,45.53728803578764,45.78116881024888,45.9036822750435,46.77054736480363,46.83477190253028,47.64361585784368,44.29068081164577,45.227224876569935,46.07188867694472,47.53574518640776,45.06232866738403,46.056845182157964,46.34114410593602,AgilentQXT
46.591085934067685,46.552209323575205,47.71240885116,47.64092711531503,45.767319360506065,49.2308531798762,46.968869005689946,48.67121400493369,47.82749625892397,48.17082135977494,46.44147910278457,45.21952816958237,47.205080198577726,47.84709205782855,45.76381465078903,48.592424685702895,47.474821208243796,46.89789651190483,47.59684702885829,48.500831802340706,48.214057777546216,47.83370250702932,47.98615723686536,48.505933341248934,47.06094994205855,48.13501593649007,48.42887761563146,49.19198433004336,45.531289947600406,47.43452140810516,48.132037791309536,47.26247734731118,49.03110670420752,47.35167968339085,46.39869702295958,46.544301719954724,48.04595607220781,46.61804485561789,47.010003736298145,47.762772733140174,46.488807281132225,48.93732035507083,47.40677619541882,48.54859103735309,47.68987389893137,47.62041819468601,48.542041537386396,48.985778771179426,48.69917661964628,47.73316027144903,47.65844276012837,46.678163359532626,47.304694419085266,48.627231629668046,47.8384794631077,47.46130518786821,46.1826555977091,48.343690793033325,47.56790598821013,46.780837473141936,48.55803396646005,47.60739307466814,46.65543108119985,47.540160529107524,48.81846101228645,45.96572721087913,46.162577203935484,47.48816496824099,48.71763629751611,48.57627690356223,46.4079987936866,48.02942460848497,48.40859895891051,KAPAEnzyme
45.02455044851013,44.85390355281554,45.00559146538853,45.94385728447623,44.20126578328991,46.42673664626645,44.82333448891171,44.78297233852462,45.02040347061611,45.35168691365792,45.04989889290133,44.0006485968829,45.3977826662057,46.03287285400582,43.324607619911056,45.695903381309215,45.57794963669069,45.44574391469109,45.39215829381707,46.892443861400594,45.72999179532565,45.52823710149688,45.829520801485636,45.642101076762735,45.54765467394241,45.93398263678038,45.29272330715986,46.357035042115704,44.08381520048388,45.94796923128362,45.56206979135719,44.38496503391956,45.02309196125173,44.14153709835023,43.85052191919103,43.94934896257464,46.743878296780714,46.19282035155954,44.073167573214526,45.24460353891805,44.04490718421541,45.55067775617828,45.44272768743848,46.39083294345285,45.72771969062958,45.00529970874442,44.04841337134082,46.53009950979687,45.68332933936997,45.54294602881463,44.242651595437906,43.99830902436875,45.56074570012331,46.30816654905025,45.00702213704508,45.583004185641016,44.78498080426134,45.12755256207249,45.676612318019224,44.95129374251942,44.433483830981636,44.631693285861445,45.57334265531141,45.84113979118466,45.58135061510589,44.66717768659256,44.48195549752019,45.19794379790271,45.437399131033274,46.10444463998537,45.247392787782616,45.58635408755265,45.32168246948986,KAPAEnzyme
39.58077358739233,39.93312935165425,39.7753947584513,39.91391823867052,39.15056540649354,40.28066303670256,39.65083825173601,40.15769566835433,39.738318629472445,40.731667920421344,39.600335505626305,39.29977149685593,40.16164388248096,41.40266931611714,39.25613821423885,40.399169793189245,40.502574430776654,40.44674245867036,40.12724977372536,40.73181600137333,40.099338271360494,40.19151961282343,40.15014218578093,40.36324494646762,39.6609657256496,40.70373912899615,40.19893161346815,40.261334460823704,38.83763713923736,40.35227451696009,40.60617135882672,39.53119537952466,40.04045830573962,39.685480316598124,39.748743851845525,38.82313714152735,41.107805690647695,40.25920170870175,39.538351654093795,40.23751183642814,39.41797196878236,40.326024210973046,40.08091096234476,41.154511048298815,39.865301848456575,40.02988180024029,39.62168000183292,40.485615653656154,40.5384493132982,40.37151058771947,39.74549972507765,39.02679740003914,40.32953709679168,41.617826884856264,40.030252070276575,40.735668842125314,39.72619298440656,40.455565076689616,40.04230069571786,40.025279152351516,40.355311512124075,39.49577777219985,40.16791454589682,40.210385791161535,40.156960231754795,38.92567768073707,39.895046589301124,39.933963682023204,40.8661222833185,40.349483351555286,39.670542256426735,40.607899584853705,40.61900147359491,KAPACovaris
45.05223534995568,44.84218737309372,46.704779525905806,46.59262015534791,43.9280800889286,47.36331041783963,45.47442470448629,47.517490692936825,45.951941364405776,46.0053467739119,44.851255638368926,43.362957467631745,45.12200688000024,47.01413517387076,44.98865211015368,46.594810503597095,45.78469630385368,45.668363027932735,46.37323872003196,46.97496057700773,47.191048345984356,45.5805192662852,46.73463539635775,47.514775423809674,45.65920896245987,47.66312496112724,46.63714808859247,46.95096406153736,44.53690435933353,46.361012082835465,46.465648220281174,45.20418080421838,47.009621769892924,45.8958363413615,45.08043149339088,43.75225666029309,45.692352200319434,44.99935487964839,45.03718369995238,47.07693780354335,44.613831596571124,46.56870919684706,45.74292207597363,47.23921669115555,47.04435931012672,45.81160668020586,43.58126197235847,47.97399948375029,46.52140670683757,46.31678266972395,45.529150164397706,44.925299808878,45.53332142930376,47.36409700995088,46.292382180266365,46.06532507979601,45.050458198406,46.31463899728706,45.96681145901494,45.47060349996097,45.38676310027278,45.57212462263093,46.025880868237415,45.47007440086332,46.7249830385558,43.69934891150456,45.325621738124845,45.64610093557836,46.60486321809034,46.96723817617791,44.20081108493732,45.98027216416641,45.62844740824202,Twist
42.14746661246984,42.292487962164195,42.44438947485646,43.23984395650977,41.75005425955402,43.51452542054838,45.238083886080126,45.89705734810514,41.9898336775101,43.4737300250612,42.05796018904381,41.87246501853799,43.00613024619167,47.10651432981416,49.495667811821406,42.89898443631841,43.13074938185647,41.89393266074827,42.8141563608336,43.39934654282432,42.56937340226276,42.86298411960577,43.82351478293882,42.47438823488415,46.77536194545635,42.75142694583083,43.990872513221454,43.07723508712674,41.37161168118907,43.436188895618415,44.174486699318855,41.53048000053721,41.89166795415942,46.6440035202763,43.09861484709286,41.19505901752103,44.79495352869624,41.96026639243209,42.29389991708887,44.413787914455604,41.934206088858375,42.80207614571068,42.677029159575305,43.670675140486644,41.2747307354344,44.450900798544005,44.553051173028464,43.4470113928476,44.1631831815055,42.485526033244746,44.33877982690913,41.602294424430596,43.8164255653559,43.22991271303505,42.77814326293541,43.984063574968985,42.323830114868116,43.48165822770673,42.37468875139117,46.70673934150679,44.1798390557521,47.59897714362396,44.15737787973242,42.44861468310919,42.87789574345917,46.32745156178805,41.4762867400164,42.890393814524465,43.048585026248944,42.59402848810392,46.647408038131495,43.551429729888035,46.87942070060104,NexteraCap
38.50279535465732,38.710068624225336,38.97057761519485,38.856457271506876,38.06321140135738,39.35527688436113,38.86348831528941,38.70735298844561,38.71124059979154,38.54147480804686,38.40836444008645,37.975287280871264,39.075817906721035,39.77746579116301,38.34274887922637,38.86496360663834,39.58029217887904,39.452587218797326,39.44934379806135,39.256867627413264,38.817776265687996,38.83749136893593,38.66770379830327,38.012123410597546,38.293112065864,39.370570643464596,38.685157957283245,38.864362618914335,38.372005046213744,39.12582807976373,39.48942340243667,38.45152716624728,39.09210829840483,39.44983128609159,38.008527802523524,38.42688850002869,39.73970733648202,38.014057157469956,38.51068961034206,38.85694772899818,38.41640381203621,39.28688776624322,39.09030195224643,39.36376033415754,38.090582157890665,38.52127271438088,37.597962914110695,39.624725122577594,39.30550759040338,39.43160302534295,38.412264080810075,38.36548508035116,38.53325904016054,39.43731622185035,38.500789936749456,38.8071251560379,38.63389689907597,38.771162778558605,39.03099858255359,39.03202692046935,38.872347043791,38.21924253228643,39.783910157608695,38.5733439972955,38.78744310866697,39.21504792479331,38.568650234139994,38.98505778105243,38.680593342422156,38.84620559578413,38.89142691254679,39.14124540277064,38.7360868566254,Nextera
44.27482235635693,44.232205820351766,45.94468444264075,44.23550276481592,42.45562156728002,47.572852733105016,42.20680133148982,47.536000184406426,44.44448047148001,46.59094830632553,43.46476214617045,41.89084581697446,44.611257799099384,43.8345132489217,43.93132850585226,45.31371011623289,44.62514097815453,43.50862570817746,45.12635133387286,44.77813444773521,46.15465954463581,45.42212230351696,44.97490924564425,45.760721829953816,44.82818713542907,43.81818045579657,48.00609952694887,44.06341509483993,41.15593812464664,44.66551191050742,42.38786147057073,43.77260153811945,44.50346407212212,45.23819750354358,44.27240255499316,43.60987164292729,44.36257191070495,43.09398768952129,44.22607630913199,44.31988772335413,42.853020022986016,45.538930866962396,43.9446424741355,45.36846961840976,45.67213394397336,45.95405487099043,45.45557292421036,44.936448463716765,46.68945219526602,43.695192678892845,43.71310067667924,43.003507985055265,45.039896110433304,45.62934631031242,44.815521384690314,44.167203876480144,43.17829885946907,45.75972611021887,44.27494149266587,44.67520743200616,44.1044871007638,43.53377880499508,43.92066998090391,44.50103989275167,45.74897260945123,44.46529722886284,43.09422157254497,44.65775252746236,46.47700380364498,45.99458689320897,44.363326199731574,44.06885263323994,45.020858354819616,AgilentQXT
44.26167766988368,45.038017615148945,45.73938448000312,44.723906563877186,43.477517158174216,46.96030523216447,43.52897734035845,46.93003342311091,45.751761121339015,46.7121396519099,44.46227183903745,42.93546177030897,45.3045881110816,47.94766087675529,44.544091330866294,46.285908239054486,45.559049364669896,44.401626718032,45.570034641243026,45.35925684139609,45.53116031510456,45.34466182311543,45.29315505568994,45.82880012183841,44.20472736022667,45.39605496850986,45.166927317201996,46.025774129012014,43.31181554859103,44.876115340007715,43.26276297233803,45.48027158843494,45.89351071415767,45.23604734592329,44.678948089149536,43.426265890715335,45.57592099901945,45.03585684281056,44.92565131767471,46.408472151921806,44.359101826301874,45.88266882628038,44.9695969127348,46.44998960198238,45.60819029245024,45.311724927848445,43.86865715051706,46.00699962427252,45.70514889906385,44.48336658360901,43.847077273409155,44.33145595350303,44.99250327561336,46.12298695024492,45.15345222523701,45.66744677255361,43.61102641937231,45.3926477677411,44.67030863420522,45.15857615628764,45.10311336968113,44.494545351518894,44.88661418709079,44.728210579630705,46.12608296206339,44.1711929152719,45.832407373094675,45.370030174670674,45.97388760722439,46.15844248711349,43.96020480829913,45.69618751477826,45.45247251479337,Twist
41.89233243158237,42.37530657212025,42.50028980623555,42.35076226788626,41.1222030064938,43.375681524782564,41.92541678216828,45.896531900412235,41.12685028811605,42.77385531803424,41.10719569824812,41.317512676663895,43.024944433028026,48.395122115696694,47.18098747989417,42.027215243660926,42.69927773106612,43.0565715068988,42.722068687817746,42.792942291976,41.746478200095794,41.106536573395715,42.18488890166612,41.75191878590035,45.40816898552462,42.18913954051084,42.76100777471097,42.64168299199369,44.85296115462523,42.21066007247388,42.576683819119054,41.753617232337206,44.89563412499831,48.68516387540961,44.52977199972626,40.322698660496535,42.55935699401398,41.92797013438619,42.26305447786279,41.65368411995266,41.05125663564725,42.04059708582837,42.32199311666962,42.54883220274889,41.241441304457084,43.93675971968721,41.3224581936957,43.301660522224395,42.471373647487574,42.15069219225262,44.35480064497967,42.07527328508315,42.397112532638964,42.29077238745637,42.63143865109582,42.56531213399785,42.24512881937537,42.96706561407679,42.03740531510484,47.736979023400615,42.35092730985511,44.10133303910998,42.45741868242727,41.62581973046155,42.705230926959715,43.69572902343452,40.97248670347962,42.27933878489196,42.00448653542593,42.45460661481993,48.20916361612808,42.56909516383595,43.74593071161413,NexteraCap
44.067054556647534,43.474858404339464,45.49068821667041,44.47195643578522,42.56116327827111,46.88245287223519,44.44533822545691,47.689620092030395,45.0316786362019,45.641854089592215,42.92783849326771,41.7504093443256,45.29010605790002,45.29824471913183,43.16156538451993,45.929298402335704,44.66502293401256,43.38528586886491,45.06454984726754,44.58472278292916,46.05543378223995,45.31380533360678,45.36141728143689,45.87477109955188,45.70847765708663,44.97725797010306,46.83625458348033,44.89108685057908,42.378873080587425,44.71019200464257,46.236324388531386,44.267655860776934,44.92985484060882,45.68830361760395,44.89101532952953,43.72360096314516,44.29691384262486,43.244647357754204,44.85371763799583,43.96940900272338,43.2649148225735,45.319380766257254,44.08958897120423,45.53294793342344,44.979517061699184,45.64369632718761,44.70639967441546,45.27981561320933,45.967370132188556,45.33028044695193,44.39094204865294,43.92768071911041,44.454695600164335,45.22674229294121,44.17776344858272,43.91892250010845,43.12309929873132,46.32057450317468,44.3057556452386,43.987876323802524,45.316558518983065,44.60066783392284,43.194230692000914,44.16987851337849,45.603617502350474,44.59436480424479,43.94402611492872,44.279059755064594,45.10662336083319,46.13429389845008,45.045137608115574,43.901036137464885,44.876003571348264,AgilentQXT
44.70434557051557,44.354955555883976,45.28327796792122,45.00088796904723,43.118721718042785,46.73340748042411,43.371244664483555,47.530594009917614,45.062540544116175,46.268872714680164,44.20220917157131,42.82236035116248,44.46215362982997,45.880498294606895,44.07842775996897,45.65592718871792,44.78353305316531,43.60907374440924,45.469424021800975,45.772990757019144,45.7572599336209,44.659347308057754,45.316064768993684,46.107868360709546,44.525606694626305,45.430322494011584,46.46650599894927,45.172831622829825,42.414241217611384,45.078470464728426,43.61402928223379,44.45402542219416,45.51969750727474,45.66287431737082,43.94415535319134,43.87282243946744,45.162728556183815,44.00795746330363,44.75168070998813,45.243561841260444,44.32959925846748,45.85836648093628,44.69459351995096,46.015499413712085,45.54265152303744,45.27497892887607,45.37624338158224,45.52796917377689,45.59744204919942,45.08955574961972,44.089776684002985,44.24877868797085,44.86873755148434,46.0384427242313,44.867519475304725,44.960857157077186,43.473494078986356,45.25913140332505,44.555218100601536,44.92777168615693,45.31188882768572,45.36098680720969,44.29717382072289,45.06971570211372,46.0777140566793,43.82925977663258,43.87676562805915,45.25908687112653,46.245331842575965,45.75143098774791,44.44871969411146,45.17973092766921,45.618066162966635,Twist
47.19057254537651,47.196797403592406,47.725913551824604,48.24311912504342,45.53400031893242,49.3574348262235,46.856366085876324,48.55548367723837,48.05541816961856,48.71682083717582,46.58027930306839,45.029218874965885,47.14498267752851,48.612923103415,46.64482620133004,48.60576022367596,47.849150580124274,47.077769095479006,48.1627435017295,48.219634759125945,48.535970408189336,47.40828967013471,48.135816967648026,48.12743420516697,46.57798663599073,48.022140020303056,47.44190675486961,48.07730434674324,46.093326492552734,48.50995531748947,48.4270336402518,47.39424894879241,49.129027022228655,46.32596399662692,46.71315375088204,46.414756791567264,48.36321608702989,47.17412073040356,47.85040309007473,48.16178390048246,46.17409860032485,48.727939463712175,47.492436693484024,49.25703653459148,47.63720803129999,47.80109665729634,48.70420137112481,49.87811395386688,47.84691362882843,47.92875893783793,47.06996586446679,46.112272435123295,47.251795030093334,49.29999302823432,48.134194248316476,47.8636500274264,46.77464392580491,48.1283221944367,47.50783411466336,46.987183857652425,48.6822171592835,47.637238408124354,46.975095198745606,47.952598132948715,48.76068952742744,45.78505718407546,46.37651713385293,47.45503410712037,48.25608625046406,48.4917335228614,47.74722106407226,47.46372797302551,48.633303929754476,KAPAEnzyme
45.489068590833966,45.79661391469243,46.71302105112309,46.286667724601294,44.60673674315933,48.26563612367621,43.98722415955814,48.61406537658781,46.0754818241002,48.18105567612789,45.61797309105398,44.180788696541136,45.80100161444329,47.518605918990836,44.744525285973936,46.830116916214585,46.101242388581674,45.23001551442361,46.6137314566145,46.72500862343605,46.99534997086236,46.473895708155084,46.580696034833494,46.85945751370293,46.14105448596298,46.19899251933077,46.53988486868029,46.04826798218894,43.82253728195163,46.35912799467851,45.59623183305135,46.17181880562106,47.75853600486085,48.538763464337514,45.90941801279329,45.00710750324563,47.04802292989467,45.363943393780374,46.68572484492623,47.43812665419131,44.82265461788463,47.0722370778479,46.23224915580886,47.6308878237227,45.935270916736364,46.058236420245336,45.682396753448806,46.63175346535281,48.017116631367614,46.33786208293695,44.57159687437918,44.24328013964328,47.57771323449495,47.60997308519673,46.74277496448016,46.81765884138155,44.088160407781736,46.99694579798297,46.34801242219137,45.316576294889806,46.51779264332504,45.88543310357639,46.016470370044466,46.15565741728182,46.68037089896019,44.946313300639865,45.90996984377633,46.513233926545276,47.48835904573601,47.27205515386585,45.458195712492284,46.1310826784181,46.76018771989991,KAPAEnzyme
41.87262668437228,42.03229454166764,42.60136035496606,42.66609702236097,41.819793989428376,43.06239954845808,41.686626246028304,42.50743485748161,42.40311216512235,42.7262933784428,41.63657668005783,41.134640747594496,42.4797445687097,43.175569247205885,43.0435250579821,42.68695720763109,42.591366653546764,41.973730946420844,42.70260899600267,43.733584855428575,43.57278626015798,42.33035740088713,42.930685792125615,42.60433547071815,41.9173030979629,42.69964925463413,43.640094294655846,43.15446631923967,40.73965386116537,42.7942933054109,42.47855494370119,42.00043481067058,42.27400768937586,41.63159574995437,42.07521693893923,41.40318436026705,42.8317680179548,42.008836405720054,41.94138499052637,42.84044637182345,41.39556204024017,42.779020258870794,42.3123099843278,43.21543063312384,43.12026128198835,42.18582027002481,41.37952107367631,43.18579608755829,42.946604000247994,42.22586955692557,41.756399950864264,41.57837392333079,42.680965763852555,43.33505819205477,41.38559168303632,42.798959690277215,41.786745662654106,42.27740363962057,42.6301530391798,41.66928612837668,41.452221345202055,41.799322183216475,42.411170729492305,43.03677844501099,42.996474364765184,41.83449929857052,41.75341865747748,42.228617311965984,42.96384772453357,42.95374599938651,42.09228112748047,42.66341816620981,42.82715125667352,KAPAEnzyme
40.05285469220231,40.5535875675797,41.22320580351357,40.759269671070946,39.916041219497934,40.76928714543107,40.31272587893298,40.75833459221571,40.26257382609538,40.65447374937368,40.38479749952174,39.87495729087946,40.4891862999329,41.5550321070239,39.30760457872928,40.668737418890494,40.82821673313991,41.58631213421307,40.82738051616894,41.1798279737508,40.70225647220494,40.56586874221497,40.45479236422457,40.38367296642865,39.93963579858377,40.90665329327251,40.820972094131456,39.96242530830248,40.03069467200948,41.32622965781571,41.155414095562705,40.34083168868279,41.63443013469736,40.24163204124525,40.2707143263469,39.5212339004763,41.34243052909264,41.00646622119558,40.05614664806767,40.57156260598536,39.557239799339634,40.678586291232385,40.9082151138217,41.34093873381955,40.16393214167148,40.18767716985526,41.328880891425705,41.515080252510636,40.984260965579125,41.33182422527002,40.27816644076564,39.78943164379978,40.8898218479152,41.16551440265758,40.20775867299332,41.62580044416704,40.028169868169144,40.520535872371696,40.74891957150592,40.25365224618544,40.456629672815254,40.21459221698106,40.45791735390283,40.67572844277712,40.804293756222314,39.62023939671613,40.43511808807539,40.67899550662387,40.94476462866982,40.84714313043096,40.12557063171821,41.66680534964276,40.51355251118365,KAPACovaris
43.26637917846854,42.75716201689144,41.79080439077391,42.78316265891752,39.98468255037936,44.46024046480226,42.93556909068537,44.45823560911637,42.05846956788468,44.25651723624038,41.54326718933358,43.39448832906348,42.7009751487353,49.338708022891694,48.95691173233546,45.58965106497488,43.000497257252775,42.47889374090248,43.0717502252645,39.99574356782481,43.05912769145604,40.52380267609912,42.879897986455035,44.66382399823024,50.30192502532928,42.28319965359588,43.00011259721366,48.40808422487938,43.247994811113024,42.97453109356094,40.85980392156863,44.478893531191474,49.06547867546843,42.400768343387334,45.05555122340056,42.32808882650586,45.19598761906349,46.2095571593447,41.20543421489178,42.3866565594068,41.02081738623589,43.74714136318207,43.703133101219564,43.64723198541885,40.52022214904543,44.073286874887074,42.56593959731544,46.31002506265664,45.74183293366836,42.825237960236365,44.70076990910324,41.93783753939565,43.68021534680999,42.44931854873888,40.40925619960609,43.02102469135802,45.89514484645033,43.9879685340712,45.40877118066639,48.287890373515374,47.961676735370766,46.45368938725467,44.14701694798957,41.83541176528982,41.34950416195976,49.68262559956485,39.15209102417692,43.41385967693722,44.05749424992319,44.069265788891194,50.91324179645777,41.914513749161635,48.75201247346826,NexteraCap
41.26498518516147,41.17217925361443,41.616974419720485,41.29020984472179,40.248879481903096,41.85980184042009,41.29155939216107,44.69107718459965,40.42874692523581,41.206716392164644,40.456432638570455,40.58120831448283,41.20749933764522,45.577706914166825,46.47004894266966,40.19271961581754,41.46661169120045,40.953658979626624,41.83923415316065,42.113880461255576,40.51769547151556,40.55922218240857,41.2734478229219,41.15959090096865,47.267428371237514,40.695668454593005,41.983180150202834,40.77085564010979,41.2733222745746,41.08187963952687,42.25776454165034,40.780974210162015,42.75131526310362,47.00098372126788,47.860378670782154,39.896792468946124,41.96430086257644,40.61720693625312,40.92718312289368,40.90437881495764,40.49302791453765,41.00246978199252,41.33378385888638,41.561228729617696,40.40689648846658,42.73311100025215,38.992300115821074,41.133276998919364,41.49049524538213,41.3726683016395,43.86596998147666,41.43263287740758,41.051845255461394,41.66009485578301,41.327562391480825,41.62309984799508,40.410912810775464,40.87702881891523,41.35129207015018,46.796885570416016,41.42834547940382,45.7000062278515,42.40630617565322,41.03916360216456,43.84464068647222,41.67463412253553,39.85989854473268,40.690539530861514,41.11582687091028,41.364321595502254,51.5704210326645,41.64588049487677,44.94356938436679,NexteraCap
42.45210550584666,42.47552813890026,42.69018482885022,42.6598675949765,41.55142219043414,43.086597148500665,40.96518184030315,46.65889982814978,41.72574317556709,43.34155739788344,42.07450915336973,41.61463302927096,43.422806744198866,49.289365601444075,47.92599624288398,42.41769449854893,43.35142595226452,43.07644763919891,42.92149311692383,43.76663852398199,42.67633178899658,42.919731839283465,43.097886360162384,42.22155620401679,46.832949693206494,42.352684626556325,44.321669497054195,43.11921973923756,44.80597387708519,42.31185329536488,41.68648379922768,42.13175233659587,44.79966550438609,46.374617229556684,44.44746421947075,42.00658368302064,43.799722552343,42.52388550976204,42.10718300986432,42.69580377809039,41.15197306349343,42.47075931358752,42.987260959779775,42.81527129897389,42.80935717956387,44.24746246841655,43.873488978220216,42.68385860055229,43.05094138891991,43.410960236930215,44.454597015928904,41.652396987556386,42.49350305478122,42.808836291724205,43.56628241453467,44.509154314893685,42.549202712967805,43.125197708725096,43.069323143821926,45.49219371355698,42.10139098457438,46.09351744499382,42.6603313679756,43.12099092569372,42.75535861495726,47.38283117205474,43.16029654822077,42.14050415558694,43.055350022490984,43.08546134531546,46.5760965465365,43.54719941927192,47.08432902128666,NexteraCap
42.20228962154042,42.590094343732176,42.49697536532954,42.478860941729025,41.479863629505665,43.839292467250736,40.57125511354951,45.53488713459096,42.48672157511421,43.789599348277754,42.228079507354146,41.456746590859474,43.43898493461561,44.426439286908185,42.52528737811478,42.76556519583528,43.38868473276258,42.82541956987608,43.1391151255027,43.73431862326171,42.431222827312304,42.77242729810511,42.736149966056445,42.520550550899266,44.18478827961015,42.79792586545868,43.118261052324144,42.35099005800936,42.16514671804645,42.71970116861449,42.990932709889925,42.207268850832165,43.45415800998324,44.20662540560341,42.03417115633238,41.274103450177655,43.95943575687686,42.372971176701185,41.273017655595986,43.815773331153004,41.380682602605525,42.68730308354538,42.42074186710795,43.318096049552864,42.122504951018215,42.51030266197232,42.75957437735547,43.7875242468703,43.30449991776545,43.48659292776088,41.679934211270385,41.13094422076262,44.218151318884495,43.14480489195942,42.49955572979248,43.4299028921599,41.38724365686865,42.980647190835306,42.75775150681904,42.478654385456984,43.8337132850823,42.80096587095038,43.274102561156354,43.49709655236474,42.59541427895293,42.31081537654788,41.33406971662575,42.72221576511517,44.3733385909595,43.00859124872976,42.67202295937021,43.37592784977411,43.217306258081074,Nextera
44.202002945292435,44.116147568118706,46.06452471443145,44.97740112137511,42.5334616229829,47.29452509921201,42.65169393760111,47.22834955062033,44.78317613691014,46.82067856329386,42.91454117822428,42.19057420487544,44.49863049162187,46.45375273208994,42.97701192877056,46.26772513040613,45.506727476270896,42.787445858206205,44.742524659486655,44.54447862091111,46.03972896936703,45.11261423987361,45.2243377028195,45.705523166974075,46.579372096867694,44.4317964580437,46.90085321845035,45.214803633492686,42.02444743419859,44.50986008484729,44.72100663904616,44.87071305529989,45.03382715469765,43.781316121715484,43.76867996993751,42.76446738115384,45.06147805348099,44.09734993422477,44.79654997550502,44.12967744684437,43.521738118869024,45.408030525156335,44.18933554047387,45.93561143030768,45.33313993101777,45.32762870847728,45.27364714753044,47.82657471259547,45.46719120200182,45.00547105098782,43.42265845408373,44.2652990477269,44.40040191668043,45.60053862033526,44.86193549488605,44.657586504843415,42.932744353527035,45.52361555094092,44.47621387943557,45.331970933100266,43.990719029071705,44.868070709101104,44.27599342830505,44.53355378559442,45.95585380095832,44.750557755801196,43.27087161793661,44.78505335480621,45.47270198162655,46.00724157638532,43.68023215579841,44.26346637377643,45.33044852121916,AgilentQXT
48.96922681831322,48.750212206654155,49.65634237910729,50.045640712775615,47.222426252529644,51.1784760509725,48.29164812976854,50.8226925828794,49.01823131209381,50.48819183789536,48.26496204986337,46.77310574008789,49.39120878947545,50.908637683344345,48.230423613448636,50.38635562821752,49.32718717460024,49.043044190964665,49.733014872688926,49.456814969332385,50.45437226212298,49.0136187524172,50.11067931925438,49.986358157706775,49.48654839811647,50.265782359212636,50.935489269540085,51.244032363436666,47.08228785103266,49.70787024697154,48.8363028440526,48.971007740999845,49.27578823683389,47.78769475109793,47.924685230171065,48.93337868247604,50.31083816851555,48.98389400143649,48.18945029583232,49.88624676557653,47.69025470354901,50.70189577139588,49.256798753509976,50.82957606641936,49.84942666820712,49.45659510718291,50.24211809862854,51.04376473446379,50.30010550668901,49.61487150502456,49.0407223322103,48.18560160365543,49.67379980557826,50.5589193386987,49.482925821149536,49.231060932769694,48.44723968954101,49.733012007817784,49.38203051456043,48.53850113577215,50.59715404687172,49.367789219107856,49.52744236905048,49.15437477994534,50.41747449135395,46.931952828529,48.25318205802067,49.59077972239914,49.39471237922353,50.21867937397565,49.280030814813564,48.860542729066424,49.50326704041675,KAPAEnzyme
40.4603739260151,40.82784457885676,41.664261277335115,40.837024135269644,40.175074391221266,41.344039684468164,40.460217511412985,41.07265566631628,40.81565590966377,41.43780824146303,40.55059016887189,40.0274200834595,41.36110700217411,42.37324379243108,40.36493083149226,41.08920112712547,41.316996297714226,42.15176539455448,41.30802173820131,41.89129212739972,41.550419742466204,41.1248176436923,41.20805493270774,41.01075322326845,40.51778845545244,41.26922980349641,41.5031768704684,41.79181527870764,40.06009445138087,41.3262431703898,41.419885886963556,40.48642674059413,41.89970661626553,40.38625959704059,40.785134722591586,39.97675384599951,41.98920714948062,41.48605968209089,40.51351361968102,41.1582797968379,40.15026938458792,41.097658490496286,41.1181091262229,41.72365155977421,41.06302624472607,40.94745182886417,40.82774736072462,41.982741217001546,41.445441132208316,41.4149681182311,40.36434304750483,40.15684030481258,41.05592638136783,41.62121379800351,41.628119525807406,41.95037417186261,40.45520073884964,41.05317756791543,40.883933062309076,40.72436975636931,41.11503950156936,40.61176897938046,41.43538051460172,40.93965444319344,41.627802666688154,40.828820299859046,40.56562478164657,40.783971679822045,41.16363601490353,41.534673447713104,40.846405066411556,41.7255102337438,42.03340529293131,KAPACovaris
46.67982347363895,45.30819118053817,47.78697521928748,47.30381740020722,44.273152602370295,48.48324576516294,46.40223008788137,48.766178444258884,47.41270072928926,48.319565476393024,44.54578691604925,43.49868364422124,47.01626322262952,47.46913164196338,45.269362995687,48.51978102729894,46.62958240238921,45.1799235351409,46.99640368794276,46.79254101011879,48.22480334564965,47.19644318638803,46.77735352024385,48.10275271289415,47.619587248412415,47.28330630504627,50.03353339253061,46.875206719279596,43.902183433591304,46.555522459846884,46.81880550415659,46.31019192323158,48.33007440565523,48.07292781145749,47.65368512613357,45.33933299495389,45.98626207337143,45.03786529769998,47.24875768616797,46.644931922445366,45.29894460456701,47.68473039609083,46.00288487701246,48.227134438894446,48.57594816430826,47.801263979532756,46.958396771074234,48.8527649490631,48.18449457557208,46.57352894243816,46.446865172436304,46.4492416035317,46.608338763000155,47.27863115537608,48.22098678043652,45.93847151693682,45.426214116504255,48.44949839292749,46.52793258781281,47.26443908646183,46.60295081263796,46.759764621966134,45.646445434704766,46.86193116336037,47.83498467756884,47.20347744415692,45.26457019829599,46.54723515105902,47.472529706878916,48.35713744333809,46.92071942053144,45.56763096831725,47.34172935643542,AgilentQXT
41.67945060010588,41.326822757146765,42.229251007463525,42.35603070309664,40.65711262901852,43.07251486542029,41.485201159968476,42.87420815623964,42.04827055509245,42.58109001614778,41.091146045135964,40.24267094633484,42.26897756169586,43.210345041864,42.827525919340204,42.58888728697414,42.42342638839908,41.41892178499423,42.71447731747222,42.70185477377999,42.757328967167226,42.18524794103788,42.18032230967808,42.53623861104246,41.657146522646194,43.15758088187123,41.88051990604334,42.9779311036918,40.83323355871792,42.00630837330679,42.47398042936685,42.575691821481186,43.16894993296533,42.91898722665295,41.214041208766886,41.37067531466015,42.40670341649622,41.78785118493221,41.91295754126279,42.09377948505241,40.695926923390005,42.78387530200378,41.85409093935474,43.40564267422477,41.98449507797749,42.19851633691926,40.83731140301473,42.81106082334317,43.054232197739886,42.95628020714319,42.05472863738712,40.96800506617636,41.78510615117855,43.10160696710197,42.58468354260272,41.74189945724392,41.50113415463873,42.722272463389295,41.92961670976108,41.604151448652864,41.541323337729224,42.330372988518135,41.66451672597511,42.503682191493276,42.70342463227704,41.45796632876878,40.417733883624564,41.66302098653509,42.726165029913226,42.95467135267686,42.1030530740129,42.072955361033394,42.39378930925609,Twist
42.71006560428707,43.19425654386543,44.453520539332985,43.7252309088518,41.64164639816281,44.738945410713875,42.26259768982343,44.97272799915505,43.52641880969818,44.21472176020681,42.27813358741677,41.35846428138049,43.008102937617,43.963557522272474,41.83367278729303,44.210713488393004,43.37014294446577,42.49998782314007,43.77534029924528,44.29268401285223,44.27042372052454,43.3139071335822,44.159219058177655,43.96525721034388,44.068913697945966,44.45630751252507,43.9203941258421,44.42526189771287,42.08407842840987,43.53205551038001,43.32986132629786,42.887915080643964,45.327760803473,42.89095040957535,43.48884934287743,42.34192128152886,43.6072876269012,42.962993340032156,43.053638017785794,43.01246041859,42.382468272552025,43.97658155755211,43.1305139538431,45.04986743213372,43.70666238367964,43.27887533065332,41.94158035921288,44.22379140666015,44.60947371540268,43.9584800962076,43.43950123342,42.342285870140344,43.07818117594337,44.27994136652629,43.34432555744478,43.11004455076185,42.61981064643493,43.67057761810971,43.307604981824184,43.16849054406283,43.14493671560781,42.971981885768216,43.41853839312687,43.127259901657204,44.26072675371837,42.788301708553185,42.13554783077886,43.2760188256755,43.75724220972595,44.54216365173156,42.3269552885318,43.42537753299192,43.870247050384044,Twist
44.26401595644135,43.629553828217304,46.670063146010285,45.38852536013744,42.50464882479333,46.49294422942368,44.036592086679434,47.22408579165489,45.17627294877934,45.935877563270395,42.93087826184179,41.805179469868015,45.014522632655925,46.08843335445718,43.94272906466689,46.12771993330341,45.211914862827406,43.93510229818767,45.36816207435709,45.35877323258045,46.833447461209495,45.15992767786421,45.50051403994713,45.65540758007615,45.311272958283475,45.97185017010395,46.310024589585,44.40638011333889,42.61275973953013,44.93259164004185,44.27901678879827,44.64258815732223,45.66959685205215,46.505931101927544,45.60298253587862,43.4761507421146,45.354338939956534,43.6416390511815,44.920139237601106,44.689182205936945,42.40603508709697,45.68541585784997,44.3511774332923,46.23215798929814,45.72131899974919,45.504350507479906,42.73798770524189,46.52034899521402,45.94901149918497,45.345752474113,44.4824655496307,44.00015510134989,43.917134012049765,45.60411854556512,45.673553455369785,45.24092255319925,43.3861926207216,45.92395294272933,44.47701279059368,45.496295744545435,43.830026598023636,44.78203729795364,44.48888317472267,44.98325759843563,46.194596826879334,47.834361685802214,42.58846498408302,44.34850087902983,45.43329195636592,46.36843661772844,44.13534123926947,44.6067759431245,45.38274178368796,AgilentQXT
42.2772003506844,42.83703733934787,42.52564453042081,42.536304798369144,41.40441933008845,43.28335863101682,42.86426788027549,45.2226475075486,42.2967438205821,43.32186807960325,42.62423676457758,41.53180878365131,44.64519573129747,46.74391951491863,42.2243850519279,42.38975108452983,44.123278584553404,42.29887039156925,43.330111635251484,43.47669120155093,42.47433440536759,43.30061073615894,42.412706310448115,42.63076870450962,43.23377965839285,42.48686113889811,42.845767601927186,40.972772453675155,40.71107079395489,43.10128230788387,42.91816297333737,42.21881854770343,42.69843354006859,44.58918660158031,42.85608865962235,41.01375703218843,43.451418540321654,42.39883124551506,41.64923588933001,43.53954650425363,41.91533019110188,42.85392148967827,43.10363956907639,43.97505419052685,41.97704035617586,42.17848527564112,41.806162218451014,43.997131414973644,44.19052381015149,42.85514874733537,42.254624518426596,41.58623498866902,43.08528133031961,44.19182346795683,42.60252311286454,43.80474521573671,41.94553110760919,42.56966282712121,43.00445427952939,42.86337245026666,44.10805275715599,42.717017667087184,43.20488632670029,42.97586665691072,43.0724280462466,42.43796956229801,42.272426746394984,43.1365873613191,41.883447764798134,42.59838309684793,43.76356889954313,43.992501533069635,44.37905143489882,Nextera
42.81392713079632,43.212335370221204,42.513709994844284,43.15234726612603,41.59334164833936,43.01166104977515,45.70154497510598,48.19270034023629,42.65246852988165,43.344036972243835,42.29133434783797,42.171515885849146,43.251626898418266,49.53192024374516,51.427956172199806,42.70032821955284,43.020734776100866,43.184840601629936,43.112278312118306,43.746121885921085,43.11803021724054,43.03052682862229,43.84362305875076,43.56579769665713,47.96501892701506,43.08019872929723,44.23317109565105,42.721710070472206,47.03746014388056,43.40859642793456,43.23769527670876,42.29334091765787,44.898114365628494,47.05704182767954,46.700971100445024,41.00998859627984,43.713892110595665,42.54149695746362,42.62299586951916,42.85852155359567,41.26242812940657,43.08014319843269,43.50398390923341,43.28889798473396,44.313388936602294,44.737277026331604,43.658020499922706,44.20928386480145,44.02613344434622,43.46150363214408,45.750913232367296,42.64419769437173,43.93098007691583,43.71007148499795,42.84861670519803,45.3000334632119,42.72480252363692,44.164008247790555,42.94632439930857,47.959521062110014,44.554968012349605,47.72558286762651,43.51065939849345,43.17906559193873,44.18848827210804,49.902200413817546,42.35756745173675,42.47611963951732,43.24310674166213,43.38017998871822,49.97303428352471,43.466687612646346,45.94710942408887,NexteraCap
