sample-name,LDLR ACTA2 MYH7 ATP7B MEN1 APOB TSC2 TNNT2 ACTC1 SCN5A TGFBR1 BMPR1A KCNQ1 GLA SMAD4 SMAD3 LMNA MUTYH CACNA1S APC SDHB PRKAG2 RET TNNI3 MYH11 BRCA1 MLH1 SDHC TMEM43 RYR1 TPM1 VHL OTC DSP MSH2 RB1 RYR2 SDHAF2 MSH6 FBN1 MYL2 WT1 BRCA2 DSG2 PKP2 PTEN DSC2 TGFBR2 TP53 MYBPC3 KCNH2 COL3A1 PMS2 PCSK9 STK11 NF2 TSC1 MYL3
AgilentQXT-0720ME25,46.978781116 47.8497323793 47.8645603376 47.0701192605 48.0007192268 44.7015401736 48.7750094307 49.2077568211 48.6153666522 47.5316475423 47.0031920732 45.8595552409 49.5632528031 47.3064757609 46.5003617142 48.6877579909 47.5326946058 47.2330491597 49.2150856785 43.9956774153 47.5902068353 46.8953169214 48.468940504 48.8292275653 47.7119840533 45.0302821342 46.8514280576 47.4023488912 49.4777651716 48.643346659 46.61378505 45.9048317696 47.2707793563 45.3486911898 45.6851199267 46.0347372702 46.9035078217 46.2706168029 44.4786871425 47.7280013329 50.063592727 47.5461985885 43.504721027 45.7702309983 46.8932077933 45.6090198405 46.7191552376 47.3544834271 48.4060178021 49.2260403847 47.265385218 47.1206128085 45.866122146 48.3904492079 47.8752441626 47.956710525 46.8779980216 49.9570528348
AgilentQXT-0720ME25,45.2585421902 46.3094407701 45.8418428061 45.0155163685 45.2187322092 42.6357663397 47.3600604732 48.0639329027 45.6093016977 45.3918471273 44.29709079 44.4658695634 48.6738235806 45.4951498499 45.3386193594 47.1268714911 46.1431225231 46.2911969755 47.9128821162 43.0432473992 46.4396782822 45.9654345745 46.3024844208 46.7229394846 45.7074324689 43.0718397969 45.9171578752 45.8131981103 47.6797390606 46.7822513197 45.6682605657 44.8396494107 45.4737007058 43.5525994155 44.3534815971 44.4401773457 45.3325303632 44.2397355238 42.8133626829 45.9177767067 48.5245225446 45.4540341847 41.9937354112 44.0310289435 44.7952964522 43.5981607966 45.1954082693 44.9773956196 46.7411497103 47.2497473224 45.4687084987 46.1053272755 44.0355742599 47.1190282098 47.3797782302 46.9310931847 45.1634118416 48.1593949834
AgilentQXT-0720ME25,44.1443370308 44.6207571119 44.5000415551 43.8342768842 43.7740867389 42.1037236459 45.6718059198 47.6279153109 43.8603871583 44.354266167 42.9404399627 43.470786737 45.8649096414 44.7581545969 43.7602207042 45.5017806996 43.9416466987 44.0179361414 45.6652923467 41.9051588466 45.5565257489 44.5793073024 45.0534064749 45.8772280087 44.5870615641 42.7688806126 43.6243420453 44.5303559691 46.5011722556 45.1495611636 43.7540814362 43.239369155 42.9127501765 42.7664532335 42.9036362749 43.211127859 43.8786556165 41.9200131197 42.3055886777 43.747788375 45.7188166516 44.6708970329 40.9280523715 43.1434094564 43.8524730919 43.4094018278 43.3555064851 43.5500050304 45.3544731852 45.2134106966 44.5802777204 44.6095478512 43.420176144 45.4162050265 45.359933277 45.5978538621 44.2222718054 45.6415942584
AgilentQXT-110465,45.1412761321 46.2260021693 45.125053933 44.7525534358 44.2260763091 42.395829159 45.9945868932 47.0915361892 44.5821786059 45.2594938251 45.1175051501 43.4176774579 47.5025972646 45.6706596333 44.5010398928 44.7723595087 44.4856359518 44.5686309348 46.6805120852 42.4556215673 45.3199984418 45.3375740004 45.7597261102 46.2198481591 45.538930867 43.4647621462 45.4059808518 45.966344289 47.7204167045 45.8502007669 44.19239142 44.3633261997 44.8369241447 42.8982779918 43.4092088551 44.1672038765 44.872621634 42.9552494624 42.7757200585 45.1645060095 47.6590852164 45.0208583548 41.890845817 43.1377592477 43.8560271284 45.0398961104 44.0442884134 44.6516796407 46.4770038036 45.8843315831 44.5082540632 45.4595758147 44.3766631805 45.9761385707 46.2420020617 45.3684696184 44.2176181367 46.7097944628
AgilentQXT-110465,44.642321525 45.0144438437 44.8388984135 43.9922804908 44.1833718525 41.9800636219 45.6097298779 47.2753961085 44.0468398877 44.183868884 43.8578321173 44.3733317424 46.8819859427 44.2278187086 44.6552590962 45.0399849627 45.3364748243 44.693655323 45.8299514529 42.1972779242 45.0666107931 45.0402850462 45.4252296733 46.2635145595 44.8208409296 42.4462033111 44.7678262595 43.7299432008 46.446544388 45.6134722384 44.4627164107 43.6607582444 44.8306402442 42.597896319 43.0264155434 44.2652720809 44.5578397509 42.6849091675 41.8005804409 45.1966648663 47.3762548227 44.5878353011 41.4023948979 43.072632678 43.5957198246 43.4702350725 44.1655024874 43.5247555195 45.0758592186 45.7168402302 44.4501413573 45.4952563935 43.5674882802 45.7069513364 45.6343359361 45.5735790289 43.8995822613 47.3523078302
AgilentQXT-110465,45.0541189861 45.728315226 45.4471009995 44.325607599 44.853717638 42.6467557481 46.1342938985 46.1162939407 45.2406977809 44.6537720892 44.087850144 43.7739801806 47.0335631217 45.2486982831 44.1698785134 45.3756561221 44.6658384347 44.1239199883 46.1654364727 42.5611632783 44.6850063462 44.3117210271 46.3205745032 46.0743337229 45.3193807663 42.9278384933 45.0181437642 45.4655116937 46.7282817165 45.863416377 44.1583163499 45.0451376081 44.7498120906 42.9709813602 43.9105357221 43.9189225001 44.5718097411 44.6838946157 42.5332154017 45.0664520963 46.3046752833 44.8760035713 41.7504093443 43.8282227138 45.2694602381 44.4546956002 44.5216399517 44.5202826977 45.1066233608 46.2900018543 44.9181780331 44.9228989104 44.536118909 45.6827522389 45.4024264349 45.5329479334 44.7075466758 45.3023077287
AgilentQXT-1501199,45.8105872596 46.1662650482 46.012735717 45.6701981837 45.609646019 43.2488792284 47.5357451864 48.6329431599 45.6105663169 46.5512636661 44.8211370194 46.1039529829 47.5281985083 45.4783263901 46.7705473648 48.7275257435 47.0145683163 46.9447072221 47.3527742213 43.3232580266 46.6920068531 45.6477585542 46.4284754884 48.8568652751 46.3582330714 43.9434415203 46.3697948985 46.6501535865 48.0391193872 47.2823149736 46.3859259287 45.0623286674 45.9776136286 44.2477410955 44.9776097833 45.327488098 46.0101199429 43.4775180606 43.6332063652 46.9352517884 47.4409938741 46.3411441059 42.376943293 45.4169417868 45.550414137 46.4138305539 45.2105632962 45.8824367062 46.0718886769 47.4319707628 45.7168754265 47.4139201097 45.4458464224 47.2140471977 48.3057478813 47.1412637239 45.7126305991 47.8904246032
AgilentQXT-1501199,47.0998646332 47.3269390657 47.6173291562 46.7467450579 47.2487576862 44.4457266469 48.3571374433 49.5826291988 48.0652979503 47.2168001544 46.5939360407 46.5081719635 49.2741521903 47.2998357 46.8619311634 48.7049648645 48.5727240128 47.3735760305 48.7043994495 44.2731526024 47.7445156181 47.107066866 48.4494983929 48.8074143209 47.6847303961 44.545786916 46.1151703192 47.4853112867 49.3939399181 48.338380335 46.4811435129 46.9207194205 47.0253225416 45.1374005925 45.8081068786 45.9384715169 46.53871692 45.8568292736 44.6414612925 47.4201972262 48.9439012264 47.3417293564 43.4986836442 45.5015574959 47.0541200029 46.608338763 46.9498090957 47.0696937667 47.4725297069 48.6941997616 46.8518770431 47.0278725787 46.0388550357 48.0085097484 47.3749484917 48.2271344389 46.6483700141 48.1197504551
AgilentQXT-1501199,44.3261517365 45.340378944 44.7539725762 44.2306796333 43.7285861947 42.6147452398 46.0593291235 48.1649600047 44.3034052154 44.9679824068 43.9867492754 43.5383307334 46.4360140323 44.5749928503 43.8343424138 45.0459998433 44.7242443971 44.604132133 45.9493663521 42.3056456169 44.9808313356 44.865225553 44.9168666169 46.0072290849 44.7788314789 43.2613604847 44.9397927862 44.2744916081 47.3731011639 45.5447600608 44.5100472252 43.7860505614 44.6527209385 42.9106602962 43.5629884975 44.4466177899 44.3099735885 42.3739808612 42.646740465 44.5220596556 46.7614933418 44.6901714799 41.8358294651 43.3920731327 44.3647433752 44.3887141158 43.9426794192 43.9275684054 45.726924268 45.8224938481 44.4019566001 45.4972841715 44.3271298049 45.9695110872 45.9933569853 45.849231423 44.550562692 45.8406556748
AgilentQXT-GIAB,45.0015541475 47.0690889463 46.3841078332 45.7468829129 46.0275014782 43.6501890542 48.0660532407 48.6650873038 46.370887667 46.7853818843 45.4855339677 45.2847890239 48.0926598821 45.6392844807 45.5082576313 46.694023453 46.362935989 45.3010399228 47.5157937103 43.7683754016 46.9462444107 45.6010940068 47.4134015546 46.9946429514 46.6203634836 43.8189098455 46.4715014779 47.4655344681 48.0768628579 47.3744034325 45.413533825 46.596530476 45.83399204 44.4373337067 45.4489629764 45.2091930371 45.9091224816 44.6601808221 43.9404640493 46.4444417632 47.8710339519 46.6775549784 42.6611196186 44.7076388231 45.9151213309 45.3212409031 45.0142194936 46.2723213392 47.0716618383 47.4889276233 45.8177907861 46.2873533131 45.251145009 46.6590306962 47.1278455514 46.7001661247 45.7820988048 47.9802984303
AgilentQXT-GIAB,46.0130539966 45.5761480658 45.2461482533 44.3246599995 44.9201392376 42.377032774 46.3684366177 47.7085960459 45.3394838474 44.9145476968 44.4083362518 44.3171551702 48.3384226408 44.7611587039 44.9832575984 47.2653551339 46.2211696425 45.6285639641 46.3363177639 42.5046488248 45.2630700082 45.3226840585 45.9239529427 47.0683733691 45.6854158578 42.9308782618 45.4849306425 45.0481843158 47.3054670727 46.0740587589 44.6220672608 44.1353412393 45.3194155243 43.042012777 44.0106139577 45.2409225532 44.9018369428 43.2643048635 42.3736770563 45.6101745182 47.8764520836 45.3827417837 41.8051794699 43.7746895754 44.512257869 43.917134012 44.5169917325 44.5455238859 45.4332919564 45.9446333332 44.6367572653 45.4093053818 44.2813325344 46.3165897375 45.4419667089 46.2321579893 44.706778034 47.8040322417
AgilentQXT-GIAB,45.1626887538 45.5179030065 45.0086343788 44.9367060379 44.7965499755 42.97273186 46.0072415764 48.3363137366 44.606827403 45.4259328327 44.2605217888 44.7004806387 46.078349235 44.8515316912 44.5335537856 45.6836842672 44.9243999011 44.9468583838 45.9299438496 42.533461623 45.5482651355 44.5727496954 45.5236155509 46.0215955051 45.4080305252 42.9145411782 45.5199148631 46.4587566185 46.8157671263 45.8785271328 45.1183693338 43.6802321558 44.1776871613 43.1606840284 43.6622207888 44.6575865048 44.5892153495 42.8794597134 42.400879389 44.3497902292 47.9852365206 45.3304485212 42.1905742049 43.5740433452 44.5741365833 44.4004019167 44.105372962 43.8702459395 45.4727019816 46.2528769443 44.3792429974 45.8188099076 44.0312979526 46.1165257395 45.728533084 45.9356114303 44.5947941473 46.4599004082
KAPACovaris-0720ME25,40.4277845782 40.2318329286 40.0059443069 39.8483721149 39.5383516541 39.1524901432 40.3494833516 40.6810660778 40.0956814962 40.0243942176 40.5091906391 39.8909018597 40.1123517711 40.236267511 40.2103857912 40.0449998539 39.7912863522 40.0735784432 40.3489637383 39.1505654065 40.9608561718 40.680962904 40.4555650767 40.0643361947 40.326024211 39.6003355056 41.070003093 40.7535075041 40.3196319794 40.0701972799 40.6159388299 39.6705422564 40.5142693657 39.4303230636 40.0987723813 40.7356688421 40.396432279 39.4771044195 39.3660380051 40.5452736129 41.2443120702 40.6190014736 39.2997714969 39.8414294269 39.9584023728 40.3295370968 39.8642674394 40.6290778516 40.8661222833 40.0741133477 39.5839766637 40.9733039212 40.0826218922 39.962746371 39.8290815292 41.1545110483 40.1399500901 40.9881759009
KAPACovaris-110465,40.6605031622 41.6460976401 40.8307698645 40.6362294085 40.5135136197 39.9529248973 41.5346734477 41.9837871159 40.8603958006 40.9851826372 41.2445563922 40.8383584769 41.096352653 41.3857568898 40.9396544432 41.1192217446 41.3375993657 40.6827748332 41.605275474 40.1750743912 43.1681528578 42.1587580063 41.0531775679 41.3418130631 41.0976584905 40.5505901689 41.6112896509 41.2606878166 42.3592468996 41.1220895278 41.5668664591 40.8464050664 41.8756085178 40.2487635687 41.327746439 41.9503741719 41.1831903122 40.8208543154 39.8858241299 41.5928967748 42.0770785979 42.0334052929 40.0274200835 40.5693647374 40.8313844631 41.0559263814 40.7458496514 40.9271289383 41.1636360149 40.9596345492 40.6738465603 41.8408874306 41.0914716102 41.2281789357 40.9301026053 41.7236515598 41.0688812642 40.902198369
KAPACovaris-1501199,40.2743574363 40.1271198733 39.7617841224 39.6411666396 39.3047277552 39.0731997301 40.2991992145 40.7877489666 39.8192305027 40.0586949392 40.2097878966 39.8194094097 40.2849974834 40.2264452729 39.7363965342 39.6823619982 39.5721942784 40.3785219494 40.3719977309 38.9385635882 40.550301667 40.4020590915 39.903394065 40.6570890857 40.1091521923 39.3528232525 40.5272453475 40.3992246918 40.5384369651 39.77088594 40.2501057423 40.054124484 40.6450699608 39.3142920794 40.7239288073 40.5449238167 40.2602491529 39.6824540274 39.2085709871 40.206063647 41.0766979431 39.9109471897 39.0920720506 39.4761664768 39.7853355543 39.9634543204 39.8172698922 39.7214962307 39.7262953076 40.1466860458 39.1772804218 40.3393230739 39.7831782075 39.6386466559 39.7277419265 40.9608311316 39.9853527333 40.2860645846
KAPACovaris-GIAB,40.9170112125 41.2177370408 40.3456944154 40.2408532618 40.0561466481 39.796775778 40.8471431304 41.5954534911 40.9031797076 40.4403580329 41.0569924282 41.0834651457 40.7467752431 40.9940792203 40.6757284428 40.3679346415 40.2625045298 40.5024307858 41.2037243408 39.9160412195 42.02686001 41.4044290273 40.5205358724 41.2288945861 40.6785862912 40.3847974995 41.1118198551 40.5827257896 41.3067790941 40.5715011956 40.9901362479 40.1255706317 41.8066854134 40.0505915291 40.781537432 41.6258004442 41.0965694528 40.3059536388 39.7197004443 41.2580814727 41.2121422684 40.5135525112 39.8749572909 40.2772390388 40.5251954761 40.8898218479 40.6020128471 40.5525346686 40.9447646287 40.3994781801 39.8668409495 41.3113108133 40.4936541012 40.7726554983 40.9154217115 41.3409387338 40.885897628 41.5347019224
KAPAEnzyme-0720ME25,44.1061137299 45.2063945154 44.9819887414 44.2878284946 43.5364225536 43.1493766906 44.8733651575 47.259842887 44.4027140531 44.4891284557 44.5082454073 44.5514633445 44.5607917229 44.5480570077 44.9275220648 44.1380171206 44.8972916841 44.8276575646 45.3721164781 43.1700704089 46.2269213545 46.4761833062 44.883805248 45.0119426563 44.8474693928 43.6074148817 45.1954845903 45.3393529426 46.27380134 44.8184678042 45.1952769415 44.193800594 45.0681996446 43.3812964589 43.9855586079 44.6492704521 45.024153742 44.7904527674 42.7314770887 45.3494729598 45.9897720037 44.1228980102 42.7869218277 44.2220368838 44.3553053366 44.1075812957 44.7195272003 44.6400488211 45.1040620901 45.2869595973 43.5248477958 45.488687822 44.1713269492 44.9850285383 43.5187238359 45.9135075588 44.719465243 45.9393353378
KAPAEnzyme-0720ME25,48.1394522509 48.8911046447 48.7810451866 47.5198613372 47.0100037363 45.7509884431 48.5762769036 50.4808773953 47.6685786013 48.023734049 47.48852229 47.6111726126 48.8385290553 47.7964331887 47.5401605291 48.6112080632 46.9942994132 47.5628018027 48.748641907 45.7673193605 49.0882918079 48.5480522954 48.343690793 48.1788488317 48.9373203551 46.4414791028 48.2081748496 47.7734781618 48.83845042 48.3446393081 47.723399355 46.4079987937 47.8790001245 46.7597298084 47.5097552504 47.4613051879 47.7802227994 46.9044054424 45.6902854301 48.6526718049 48.4955464104 48.4085989589 45.2195281696 46.7553785262 47.5253337192 47.3046944191 47.2022940571 47.4937893253 48.7176362975 48.8244807199 46.9549559327 48.5666048743 47.1997155952 48.5458264387 46.8120177582 48.5485910374 48.1556048127 49.212397463
KAPAEnzyme-0720ME25,45.860784103 47.5426299789 46.5708596419 46.1153242223 45.654871698 44.5718206374 47.1966070907 48.4932456323 46.0664118824 46.1996107783 45.8705625528 46.1249595011 46.9039319077 46.2281923383 46.8163036678 46.1719931822 45.7038565451 46.0556548838 47.2492389624 44.3428757152 47.0091292387 47.2167101805 46.5308604682 47.1591131143 46.1208816519 45.3166778761 46.6579698183 46.1878400812 47.8984292896 46.3589175728 47.052335417 45.2858634791 45.7628906 45.038347806 45.0056256165 46.4940775705 46.7563143052 44.899729363 43.7458131817 46.4850907233 49.715373842 46.7853982842 43.7484010733 44.9541703781 45.6504157417 45.9929610437 45.6008052553 46.4990052174 46.6999399257 46.5155947835 44.9102136883 47.772805336 45.0468699397 46.4110356243 45.6919439508 46.8472605922 45.9387811082 48.0580373559
KAPAEnzyme-110465,49.2024833968 50.5054832456 50.1998730668 49.3883377634 48.1894502958 47.6021514328 50.218679374 51.4862778765 49.4882390444 49.9505567884 49.8058816489 49.1746505456 51.0280532299 48.9661510125 49.1543747799 49.6296684744 50.2908783765 49.8195818746 51.1598901932 47.2224262525 51.3501575792 50.3517318697 49.7330120078 50.1567732871 50.7018957714 48.2649620499 50.0968613338 49.9949617101 50.1392080411 50.0968427711 49.4162212623 49.2800308148 49.6210084917 48.5431047112 48.8337067722 49.2310609328 49.6046270837 47.9676082153 47.5258211243 50.2468580577 50.9611920922 49.5032670404 46.7731057401 48.5111597489 49.3014699958 49.6737998056 48.8246519616 49.5561619793 49.3947123792 50.7016343296 48.1606212342 50.2081962366 49.272273743 49.2263373929 47.7757748101 50.8295760664 49.8398175624 49.4613259378
KAPAEnzyme-110465,42.2297841979 42.7461291748 42.7373760113 42.5140178821 41.9413849905 41.218004907 42.9537459994 44.2486890244 42.360612218 42.3726720634 42.1724252147 42.5940303684 43.3000105394 42.3589518115 43.036778445 43.0256602798 42.4733481147 43.0311776544 43.4049982267 41.8197939894 43.7472254393 43.4926764117 42.2774036396 43.6193082019 42.7790202589 41.6365766801 43.1012759885 42.4827646443 44.0658017434 42.683441315 43.106402128 42.0922811275 43.0738232419 41.7327718436 41.7094929816 42.7989596903 42.8536730697 41.6664378895 41.1085046194 43.0435194377 43.3560491741 42.8271512567 41.1346407476 42.1183115334 42.8373138723 42.6809657639 42.1896235123 42.0860257874 42.9638477245 42.57213981 41.4836602442 43.2665265025 42.1207538834 42.6891375427 41.7783049875 43.2154306331 42.5634446281 42.6036363626
KAPAEnzyme-110465,45.6866708424 47.3259268361 46.620204614 46.3946191491 46.6857248449 44.8893607421 47.2720551539 49.3405973397 46.331994854 46.2185009943 46.475421248 46.1423778958 47.0434262909 46.8239326475 46.1556574173 47.5103793708 45.8589037377 45.8482349202 47.6170213201 44.6067367432 47.0102084943 46.7233302285 46.996945798 47.9104832129 47.0722370778 45.6179730911 47.0205359674 46.1187891717 48.3827955709 46.5393940532 47.1081343665 45.4581957125 46.2010380245 45.3424695387 45.4627423768 46.8176588414 47.0223849079 46.6444747683 44.6302260184 46.7648948862 48.542740732 46.7601877199 44.1807886965 45.9741110766 45.9537522667 47.5777132345 46.3555677291 46.7853468438 47.4883590457 47.0065519842 45.35226657 47.6383657914 45.8886129946 46.6611549503 46.1204066258 47.6308878237 46.0361654209 47.4054259332
KAPAEnzyme-1501199,47.3704178473 48.4116808933 48.1897593341 47.44573016 47.8504030901 45.9316029269 48.4917335229 48.9678064879 47.311932412 47.7254919425 47.2780486891 47.5756542766 47.4365477379 48.272235597 47.9525981329 48.3886227362 47.3594288374 47.6626060119 48.8776137211 45.5340003189 50.1517829958 47.6929079908 48.1283221944 48.4700086688 48.7279394637 46.5802793031 48.5650329394 48.654209017 49.3381799293 48.2715949722 48.1718047791 47.7472210641 48.7180350602 46.6531147778 46.7867867781 47.8636500274 48.1389884415 46.6559421912 45.8463370092 48.2077793573 49.3108274693 48.6333039298 45.029218875 46.8209737558 47.8867085826 47.2517950301 47.618447016 47.8339956496 48.2560862505 48.5290382552 46.4631843938 48.1409770658 47.3486941032 47.8769984601 48.3489661965 49.2570365346 47.6137882074 48.943610312
KAPAEnzyme-1501199,45.1578589948 45.7068728458 45.8471332588 45.8027539357 43.9103218791 44.1715707711 46.2436293132 48.3168608642 45.5613302099 45.5685734369 46.2206623916 46.2267839546 46.0299099367 44.6499699186 45.1413544676 45.0004948612 44.5960447322 45.3652300579 46.3241578791 43.9152042201 45.7858662232 46.2782824942 45.7589625503 47.674715807 46.1725662614 44.6836302465 46.1077965837 45.8392600958 46.9508618795 45.8802489744 46.3740980674 44.8816499277 46.774310541 44.723281917 44.5045110063 45.8236150418 46.2261802575 43.1077964717 43.5150851892 45.8586482732 49.3108273744 45.9523654408 43.4837001884 44.9379452662 45.1080120085 45.4978604197 45.2983305991 46.1009970465 46.6076586668 45.9662384609 45.0228364595 46.77821926 44.8375364511 45.8193593665 45.2145761115 46.7543916953 45.7129492887 45.9004087112
KAPAEnzyme-1501199,45.2530258719 46.4408311742 45.4406339453 45.3757250718 44.0731675732 44.3891502229 46.10444464 46.8556535955 44.9154974433 44.9913166048 45.7358800757 45.897218875 45.8838879809 45.0869769855 45.8411397912 45.6504254176 45.4218495858 45.525080792 46.2459491645 44.2012657833 47.3461528444 46.2727410225 45.1275525621 46.3991800384 45.5506777562 45.0498988929 46.1390254059 45.7017528368 47.0714566455 45.2895490352 46.0370179837 45.2473927878 46.7889561237 44.5228557546 45.1249016534 45.5830041856 45.8775521722 45.3086966771 44.2595489884 46.3392264899 47.5178215282 45.3216824695 44.0006485969 44.7913319293 45.3530872837 45.5607457001 44.9633408349 45.4050047174 45.437399131 45.7323851873 43.859276635 46.5237367053 45.6100998565 45.5286492334 45.5145663987 46.3908329435 45.2222921884 46.0828448278
KAPAEnzyme-GIAB,38.9379395599 39.8766415229 39.116475908 39.0881600414 38.6451362917 38.3397221028 39.3689315125 40.0907409628 39.3889771089 39.3431659064 39.318174444 39.171312682 39.4354670569 39.0224481077 39.3079320077 40.5597785741 39.2270862122 39.0821030344 39.4024380881 38.3697419864 39.7586884315 39.2452080119 39.2298524895 39.5133824112 39.4723952331 38.7005825259 39.4426797509 39.2239456209 39.7490154324 39.2445849749 39.5586493492 38.9889992304 39.5437495114 38.7437697051 39.0267466242 39.355063584 39.3079743327 38.8482141855 38.3462677918 39.6141532726 39.8957518252 39.2331931502 38.2826602577 38.7094078882 39.0109173904 39.4229478344 38.734104117 38.921964968 38.8084333183 39.1146565718 38.763420513 39.3874367432 39.1230213659 39.5176780462 38.9459351988 40.0359531548 39.2689763236 39.849181069
KAPAEnzyme-GIAB,44.7911610657 46.254768619 46.0810616327 45.4974750979 44.4971916719 43.8468398687 46.2073614731 48.0381959124 46.3016713212 45.6584560719 45.8739375412 46.1865146148 46.3040790566 45.7306629185 45.5959120841 45.5647898268 44.447845682 45.519671587 46.5010911123 43.8580465769 46.9305452433 46.644760522 46.1376701885 46.9517661466 46.2305008511 44.6738819324 46.1314493185 47.71934413 47.8293111905 45.8935616923 46.3876471687 44.469828525 46.115757205 44.5669536942 44.4956689295 45.9021155767 45.9182013216 44.6571356537 43.6360863187 45.7764457066 48.0307429672 46.3163189202 43.4054876071 44.8380890322 45.7930135101 45.6338607143 45.1934179296 45.352723644 45.9765522118 46.0731445012 44.8842452236 46.618405587 44.6895119692 46.0982949634 45.3302675929 46.3873941386 45.4826044249 46.921100466
KAPAEnzyme-GIAB,42.1127597699 42.8743698503 42.4719963206 41.925944574 42.2905052962 41.0310279596 42.4958548654 43.708950599 41.6708100927 42.0546192107 42.9368496214 42.2602665347 43.3910632649 42.9310924146 42.3062179217 42.0613958965 41.7952130813 42.0838822045 42.8056585248 40.981449774 44.7375863297 43.0131309992 42.7278483924 42.9105826513 42.6832836362 41.7526163825 42.8541046946 42.8366562306 43.4857281744 42.4872320793 42.5711496783 42.0841814964 42.5229911939 41.3741563718 42.0078622448 42.0492465679 42.6470204767 41.2074285249 40.8718626734 42.8337007175 43.1389403829 42.4691679297 40.6300048743 41.7833715636 41.9121047481 41.5706131677 42.2699344706 41.9088311584 43.2056451083 42.6462548346 41.4179645667 42.8353000391 41.8475142945 42.4171590008 42.2623435597 42.8287428595 42.1705745006 42.7795652459
Nextera-0720ME25,43.4362387585 43.7987516161 43.6734388473 43.9865332453 42.448313856 42.5330599236 44.4752114119 46.7154125665 44.1199459769 43.0386692771 44.2818838556 44.1688094394 45.8169461555 43.6892945447 43.5270813561 43.2499840188 44.9727766838 44.1913187493 44.3773901578 42.604978823 44.1184144983 44.3579452049 43.9274496227 44.1681882984 43.8645879446 43.2270866373 44.8894119207 43.7761296938 45.6000408194 44.060332662 43.5082737587 44.8167726729 45.0901674574 42.8986105522 44.0032760968 43.6571875173 44.4906657736 42.621711359 42.576717465 44.8242666796 46.1998822377 43.9608516244 42.788825766 43.3081386214 44.2547591653 43.9207490905 44.1565401159 43.85000839 43.3745683075 43.7119553883 43.8625018528 45.218578633 43.4782242913 44.6492746381 43.21688999 45.124642296 44.0932669395 44.0198807309
Nextera-0720ME25,43.8186618312 45.0893429406 44.4381334179 44.1894356558 43.232072054 43.4792670345 44.2370975651 45.1721256313 44.8569743905 43.6261903682 45.861077637 45.3021276227 45.7936863987 44.9024402916 45.5271882731 45.0460157105 44.0409595058 43.6153549154 44.8833033705 43.3933553389 45.5101856106 44.5347722661 44.277484128 45.7213414757 44.7312665593 43.9193390943 44.5840542951 44.4588010947 45.5062153236 44.9177900616 44.1446327026 44.2346284662 45.1724508496 43.7770412783 44.6685159586 44.9358639701 44.8261310323 43.9148252451 43.4186184808 45.4909745347 45.2414849188 44.4350298228 43.4644688885 44.4626826337 44.5561153477 45.6126456408 44.4534571901 44.4158217693 44.5306067991 44.6309762839 43.2659480639 44.9316991311 44.4407255762 45.8997072666 43.8095288013 45.292986738 44.6180176253 45.1049084037
Nextera-0720ME25,38.8997703751 39.0410827992 38.9876507063 38.6486630811 38.5106896103 38.3957863281 38.8462055958 40.3038958576 38.9292781196 38.5883008363 38.6213829051 38.5108715813 40.1089049022 38.9954369118 38.5733439973 39.1103309851 38.387527814 38.4164737445 39.2436517494 38.0632114014 39.2717779595 39.4558217537 38.7711627786 39.3085266932 39.2868877662 38.4083644401 38.8679364812 38.9165341032 39.2386396286 38.7867655883 38.9557709209 38.8914269125 38.9766416461 38.4331570681 38.5299321302 38.807125156 39.0851608526 38.8281655514 37.8471860973 39.5455542918 40.2059809296 38.7360868566 37.9752872809 38.4519957883 38.9492751231 38.5332590402 39.0802973697 38.7301492768 38.6805933424 39.0634461578 38.272906602 38.9544945993 38.9469273165 38.3561082125 38.8537248016 39.3637603342 39.2518635728 38.6922973102
Nextera-0720ME25,42.9102577905 43.7657775702 42.61891556 42.3027695847 41.2730176556 41.3328647903 43.0085912487 44.354752987 42.8459305644 42.3607507061 44.0902401789 42.7171921076 44.512603562 42.631876433 43.4970965524 42.4151611263 41.9740418251 42.1597085032 43.1367778619 41.4798636295 43.5812315443 43.6367603925 42.9806471908 44.0265459899 42.6873030835 42.2280795074 42.5490000888 42.8359977738 45.1586352872 43.1609266104 43.5020445509 42.6720229594 42.3598413906 41.730870268 42.4571234258 43.4299028922 43.5475049458 41.5130067138 41.6069347013 42.9977917278 44.054432423 43.2173062581 41.4567465909 42.109261619 42.210892836 44.2181513189 42.8952923747 42.2421681863 44.373338591 42.7492930189 42.3651867957 43.7324997385 43.0210017272 43.4737580154 42.6839378722 43.3180960496 42.8492965071 42.3595986205
Nextera-110465,43.776479551 43.7592284058 43.2700309583 43.490707912 42.4443579994 41.9709807649 44.1280981432 45.10216133 42.9356725526 42.8666475599 44.7069473091 43.1056186072 45.1758083141 44.6702291505 44.9293603811 43.4517793515 43.2998200038 42.6332489506 44.35312513 42.109160643 44.1133970015 44.4976945754 44.067436761 44.8170387496 43.7925078768 42.6882117011 44.5605168513 43.2695592241 45.6770544214 43.6202644552 43.708310344 42.9004412005 44.2282856697 42.3751977349 43.9390988305 44.2907976321 44.1840473034 43.2562507325 42.2164817023 45.0793163081 46.0949101941 44.2689942757 42.1384554837 43.4662171783 43.0057670915 42.9416396946 44.445151576 43.3816381631 43.5871561053 43.3602063143 42.3642300661 44.7242673666 42.8922575138 43.1222069194 43.058969221 45.1895584683 43.9661162692 43.8362997879
Nextera-110465,43.3625455899 44.2763952616 43.7195290988 43.6569187958 43.0014334155 42.40459206 44.0119218092 45.6696250807 44.3031355366 43.0807336624 44.653393443 44.7386160152 44.5970982603 44.8547604544 42.9686179997 43.4494338819 43.0307409949 42.5291809293 44.6572068988 42.6304339911 45.3026922241 44.1492913844 43.7210163167 44.6897729614 43.8910052185 43.4275226832 44.4989586282 46.3999287563 44.4966599642 44.210826514 44.3734884281 43.4164912062 44.937812657 42.9815445838 43.5780483247 44.3245554009 44.2835511474 42.0560396074 42.3925164702 44.4061169288 44.6244171847 44.9653171886 42.1245679341 43.2586667089 44.1355314182 44.6807544385 44.1168204417 43.8602714727 44.412882205 43.6829481079 43.2238333523 44.7447845161 43.4811672296 44.5725057633 43.7348532379 44.2162649515 43.7974231721 44.709428233
Nextera-110465,41.2817198268 41.7698808033 41.2814316509 40.9404685805 40.4556648945 40.3132473675 41.268808209 43.8183513787 41.3896015648 40.4405262353 41.4007605479 40.8498270794 41.7927401567 41.4808949661 40.9455842058 41.645517492 40.7876380975 40.6573155386 41.6039829217 39.7927932169 42.1555820742 41.8987844747 41.4221215899 41.4734311428 42.1660792972 40.7835620345 40.9705135676 41.9575638021 41.786852006 41.0962781559 41.0406836846 40.3000381362 41.3096098436 40.2013244548 40.5494665416 41.6079755429 41.675737539 41.3813361855 39.6773053905 42.2725764929 42.3845728075 41.4565656619 39.6267791065 40.533201299 41.3766117674 40.468096071 41.1048558836 40.8232344408 41.3188673936 41.3100671105 40.5232273795 41.3028281643 41.3672767988 40.7882303268 40.7720787448 41.7041964339 41.1486638311 41.0388861285
Nextera-110465,44.7597908359 46.1680513421 45.1304139626 45.2195543099 44.5384133956 43.9955547976 45.3342107238 46.5167196147 45.9806526386 44.443339634 45.7134737758 45.1729839705 47.1991036094 46.9286266099 45.3792205827 45.9282658366 44.4372627608 44.4790496924 45.5636133624 44.0224850465 44.6318118338 45.5082293765 45.1991203039 45.5373975298 45.2859697863 44.5102811972 46.2028773494 46.5679030224 46.0057303816 45.2977620524 45.2662516801 45.5771364524 45.6920438468 44.2461215055 45.3508759836 46.2261907206 45.6766799892 44.7220664079 44.0915963226 46.2607014794 46.4006744933 46.0440934604 43.9418778522 45.0471449788 44.7185438129 46.2468840924 46.042348329 44.7713347614 45.3395921865 45.321542374 44.4848383199 46.010236195 45.3871684321 46.0730960423 45.2321057436 45.7318752687 45.0548015862 45.4925475465
Nextera-1501199,43.4279658881 44.563371213 43.2890040476 43.4385465656 43.3682427709 42.6742351619 43.357586963 44.5925020148 43.5077202503 43.1151720063 44.7330728848 43.9465264397 45.4930315982 43.6578132863 44.1491645608 43.2395664411 43.5324999697 43.2096879909 43.5660579458 42.9514741951 43.551823852 44.1941118321 43.5318427106 43.9917398943 43.7805644639 43.1247171867 43.8971941922 43.6111620457 44.0792092719 43.541690042 43.9220555082 42.4876934365 44.324299597 42.7559865769 43.9643962846 43.6312274229 43.9919791731 43.0429731843 42.5048099254 44.3258470004 44.2482160294 43.9389473307 42.3525212401 43.3181219982 42.6925899185 44.0233718834 43.5001262514 43.7908385655 44.1090704531 43.2754948626 42.7799555747 44.400249335 43.4642090538 42.9153637109 44.1138200671 44.4854260027 43.4275069609 44.1900456848
Nextera-1501199,43.9799415417 44.5112009475 43.7799606968 43.7777920981 42.5290692007 42.7345844195 44.4207027174 46.147538822 44.0742088882 43.7272661749 45.3191699415 44.6367080341 46.0857670538 44.9008623832 44.0766859445 45.5696259082 43.5027725392 44.0290000186 44.6907439498 42.8625910188 45.1055561479 44.5988256594 43.8828288675 45.5559849855 43.7944695338 43.707834194 44.6854059756 46.2378987357 45.0088719615 44.371642573 45.2944940531 45.1365593236 44.886770297 43.1947783842 44.6691919579 45.5897275147 44.7739062842 44.610318619 42.2859358172 45.4079243166 46.2213109375 44.0616214684 42.8658198603 44.0814765565 43.1048863348 44.4970288267 44.9514339811 44.7886668885 44.5312046668 44.0252443635 42.9374894266 44.9003304464 43.9716961883 43.5556062573 42.8680696227 44.4955991567 44.5179086282 44.6967317544
Nextera-1501199,42.32678316 43.4324867685 42.660983629 42.9618507122 41.6492358893 41.4595961144 42.5983830968 45.2350176444 42.8780390032 42.4589012326 44.040670384 43.3303968564 43.8508887561 43.5702836722 42.9758666569 44.1520819519 42.1065911137 42.0306795467 43.16005054 41.4044193301 43.9902647991 43.4409583302 42.5696628271 43.2572717342 42.8539214897 42.6242367646 43.8469285048 42.8404483063 44.4352862641 43.0520743251 43.346236622 43.7635688995 42.495253232 42.10401036 43.042676256 43.8047452157 43.3887526832 42.0745056838 41.3219628357 43.2527990587 43.894422657 44.3790514349 41.5318087837 41.8683535147 42.880350981 43.0852813303 42.6092439065 42.2326732997 41.8834477648 42.771823831 42.1959608702 43.9840055483 42.7437168818 42.8913049313 43.1326756598 43.9750541905 42.9863679805 42.9247641066
Nextera-1501199,41.5392444935 42.1106729136 41.1613532064 40.7866105912 40.6778338619 40.3212491657 41.5045386953 43.0793905446 41.51526022 40.6871410986 41.9444063185 40.8666686518 42.247175663 41.1036444941 40.7214145886 41.8578359733 40.90581327 40.4375330827 41.6591957778 39.7363249152 41.8487110155 41.9540161107 41.3079686309 41.6838496224 41.8703949608 40.6535791415 40.9737407964 41.784689115 41.9761722909 41.1108788184 41.6019492815 40.000934966 41.6904119176 40.2058514844 41.33469343 41.4534568873 41.432570918 41.0064394538 39.6299271861 42.2675495022 43.1661506252 41.5648599244 39.6720440323 40.3843533448 41.026390477 40.7076855467 41.5088024032 40.9959927614 41.2468684756 41.0832789678 40.3289734608 41.3928493695 41.1270541492 40.7203042279 40.419124277 41.6434762354 41.2040748444 41.6604609936
Nextera-GIAB,44.723705359 45.7843724175 44.3804879166 44.1513005468 43.828594101 43.3796362212 44.5772182242 45.3908367894 44.7980141308 43.4992848346 45.3217478504 45.1613297868 44.7411307882 45.1805462714 45.3628237679 44.9003723546 44.0463098102 43.9214060186 44.7626903272 43.389799794 44.7178653858 44.489553212 43.8903974146 45.4115382422 44.5683703895 43.8206565511 44.9874726724 45.1833990104 45.867466597 44.7020950253 44.6634123944 44.5205693935 45.1064099027 43.8592780097 44.4976759095 45.0082644307 44.842988758 43.6161945207 42.9405855169 45.3855689516 46.4937664289 45.9172629982 43.6065434239 44.3346147411 45.1788804072 45.38650698 45.1981667449 44.3084171839 44.5928392298 44.6307276041 43.804111942 45.4328180522 44.9926937675 44.0406928865 44.3250827137 44.6718560327 44.6538133815 44.8092410015
Nextera-GIAB,43.6339495082 44.2234329757 42.5897376144 42.7666002724 42.095818412 41.7967138074 43.1522200075 44.376975628 42.773072683 42.2157409916 44.5099380368 43.3138712773 44.386119042 43.7320274225 43.7650696379 42.7022790139 42.5256357153 42.7923231215 43.9251776757 41.6498183341 44.6091111677 44.340101934 43.3823530351 44.6951436998 43.0218133891 42.3753801948 43.0828008132 43.334767696 45.0669938963 43.2591191049 43.0332321622 42.8205878231 43.3399188636 41.9527596685 43.488562481 43.571242724 43.7342717085 43.3403836223 41.9276579519 44.0502067107 45.7037584308 43.7186098359 41.4887485604 42.5627265254 42.6898925281 43.6208525071 43.3860803758 42.7710978353 44.3177013882 42.7789186921 42.0839491343 43.9282999212 43.1737575083 43.3863346661 44.5009577289 44.0499864809 43.1461377961 44.5264686219
Nextera-GIAB,41.0170249189 41.343813826 41.0915063152 40.3766287671 40.1096649226 40.2068104054 41.1875955746 43.3357034114 41.0862888957 40.3796868779 41.2747679384 40.6580890955 41.7989821452 41.0102552667 41.1692152304 41.2084474004 40.465934315 40.3981578332 41.4288124079 39.6654558927 42.5502809133 41.6703049357 41.0903389635 41.7377134439 41.743880749 40.4309844531 40.8693480844 41.1253088199 41.6108045976 40.7652371419 41.1499769158 41.6833475756 42.0219101068 39.9201983896 40.7057749568 41.0734255548 41.3426592189 40.7179670053 39.3650618619 41.82867057 42.5851501882 41.3949229751 39.3865021718 40.2558210444 41.2041327711 40.2046433682 41.3345675809 40.3513994836 41.0103662122 41.2110139932 40.1195007289 41.0670459077 40.8449232675 40.5509392237 40.458545073 41.2333107279 40.7716178743 41.132232083
Nextera-GIAB,43.4093424127 44.9638962983 43.409315117 43.7169404189 42.5719273626 42.372187252 43.6525181211 45.0760586449 44.0510991769 42.9205161372 44.3223705775 44.1078395995 43.355497016 44.6933558357 43.8812716952 44.6740988272 42.7827511345 43.644893028 44.6579823244 42.1053703342 44.0673195154 44.2076100258 43.3766217313 44.4105609144 43.2868414861 43.2569065057 44.3942080638 44.4253688686 45.5113645437 43.8871469275 43.3675562931 44.273885428 43.8469931887 42.964234735 43.7352435081 44.0328554075 44.2256219521 43.3340515019 42.1751392015 43.7694736927 45.49058835 44.5077687096 42.2663084865 42.9765149898 43.1639141624 44.6205849176 44.0604606038 42.9354230821 44.3940198768 43.8116165581 42.9960088325 44.7673798488 43.8412888828 43.0591055658 42.9881418177 45.1219929008 44.1191202239 43.5584685682
NexteraCap-0720ME25,41.725197423 43.5081807748 42.2043287731 42.5387432549 42.2938999171 41.7052482349 42.5940284881 44.5813503682 43.0742736893 42.5515559616 42.4686952137 42.9760989465 44.170307701 43.8051861754 42.4486146831 42.2915774487 42.1353409437 41.7320745293 43.1637927627 41.7500542596 42.7398937644 43.899591446 43.4816582277 44.1723183539 42.8020761457 42.057960189 43.6207603026 43.9291085372 43.2684408197 42.9197118769 46.9287449199 46.6474080381 42.0212090762 42.1256810406 42.6456289383 43.984063575 43.4952389773 42.397506268 42.0121686382 42.7103522915 44.7358770389 46.8794207006 41.8724650185 42.2597856037 43.0118880653 43.8164255654 43.3400061406 43.0029989058 43.0485850262 42.5555682929 44.3445694914 43.9824355742 42.9486788899 44.0335483283 44.6614902448 43.6706751405 42.8730251699 42.5748999964
NexteraCap-0720ME25,44.7466816284 48.0542602436 44.9902258063 43.1665490715 43.7378655489 42.3376381446 44.8985224682 48.0306259517 45.8902536094 43.5080689781 44.9087254902 46.069673479 44.7328796102 42.999927089 41.5484470471 47.480512059 44.1488820503 45.6600362513 45.2478395751 43.7500383653 40.1585935631 45.9715415059 46.1002877796 47.6431838847 43.8011405569 42.8455456269 47.2915169661 41.6131386631 43.5065162215 45.1745770974 44.92905153 48.2966353678 47.8148786089 43.2936938879 44.3645087236 44.4423904302 43.8166275969 36.5586917563 42.2003248376 45.9616653455 45.7347922524 48.8216389579 44.0314619322 42.6985946002 42.0079090387 43.2096811312 46.9989798672 45.4502249385 44.5793420198 44.1372119383 43.6640153915 47.7077858372 49.516299873 43.8909843027 46.590913683 45.762614419 44.7274873036 51.5221062783
NexteraCap-0720ME25,42.5146869129 43.2149542028 42.8455137683 42.2573247327 42.6229958695 41.5771092189 43.3801799887 43.7813993184 42.3543144002 42.4699243179 42.8218030747 43.5410695639 44.079532667 42.9034897565 43.1790655919 42.900618161 42.2250019453 42.4792670355 42.9077277594 41.5933416483 44.419552224 43.9495143493 44.1640082478 43.8230795003 43.0801431984 42.2913343478 43.490718027 43.3339101962 43.6262346927 43.622211871 45.4442163178 49.9730342835 43.590340304 42.3806595896 42.5637007928 45.3000334632 43.3065487783 42.1426163695 42.4658540843 43.9272309621 43.3878838857 45.9471094241 42.1715158858 42.4071012811 42.8255455725 43.9309800769 43.3788251115 42.9496458112 43.2431067417 43.1622281069 44.5369283503 43.5799991437 42.8761725931 44.5879322722 44.7750130555 43.2888979847 43.2438837492 42.5429038272
NexteraCap-0720ME25,41.9446791494 42.6941745409 41.614899518 41.8708807654 42.2630544779 41.4583757815 42.4546066148 42.6380290054 41.5471452171 41.2896218801 41.9161353315 41.3602593834 44.4018299206 42.4081298174 41.6258197305 42.5764344511 41.7805031839 40.9117886994 42.1977117182 41.1222030065 42.5766048692 43.3177146001 42.9670656141 41.3253839331 42.0405970858 41.1071956982 41.8802377214 41.8060487783 42.7759769287 42.4721779276 44.7911685111 48.2091636161 42.7947080733 42.0286511441 42.0634767097 42.565312134 42.4700540108 41.8863618358 41.9730112455 42.7016228129 43.4012666695 43.7459307116 41.3175126767 42.0974462157 42.4655690846 42.3971125326 42.7140812259 42.1170390819 42.0044865354 42.2916935471 43.5517694492 41.3225180757 42.3162158502 42.8685071264 44.1679603062 42.5488322027 41.6236679454 41.7044034855
NexteraCap-110465,41.3962509211 42.3839451884 41.9527661208 42.0799428845 41.4130189809 41.1109762793 42.4728038283 43.5979523583 41.94781075 41.1786764908 41.7145119607 42.6898135423 43.0452588157 42.9339061847 41.5060627266 41.7860689967 40.8653863539 41.0232106256 41.7700237613 41.1989748113 42.6168830726 43.9025765639 42.5809313108 43.1895212613 41.8510720148 41.7362234119 42.1493040662 43.2047810755 42.8017970831 42.3590089494 45.8050621973 47.287529918 41.3834059168 41.4476922539 42.3219926925 43.9979225661 42.2442591796 42.6173272724 41.1377882826 42.1697830063 43.3630165628 45.5360672654 40.9358456848 41.9967319018 42.4819025816 42.4625117571 42.3062295892 42.4156777293 42.5640768095 41.5357120133 43.4943716945 43.0749172238 41.9290495164 42.9609585663 45.5240307585 42.5407002046 42.0238829388 42.4595278785
NexteraCap-110465,42.6459779435 43.2167117407 42.5949926804 42.4778211369 43.3209445667 41.4251280043 43.515597 43.3942772475 42.3385355264 42.0121292193 42.774329551 43.0466292256 45.038781708 42.6730190514 42.7913665289 43.7728448204 42.7701451904 42.6314766735 43.077785877 41.7263627729 43.2440867738 44.2034175025 44.0809576333 44.2757170094 42.9313846214 42.5432174237 43.1477441523 43.1474971158 43.5322017198 43.2453266795 46.3514460509 48.9824955797 43.6434761702 42.3657487963 43.2836299526 44.0114413574 43.2095366809 42.5058539626 42.7650924807 43.925938754 42.9827754764 48.0037918346 41.9013016229 42.6392482458 43.1726071703 43.7601203434 43.4287770398 43.1790567237 43.2389002934 43.1259781961 44.3710484483 43.6538546239 42.7770179583 44.7084157538 45.4536149847 43.5298190564 42.7211189691 43.8914200957
NexteraCap-110465,42.5728837353 41.3907225204 43.7508673303 42.9979997409 42.5183095493 41.9953687125 44.3053712304 45.0512735657 43.3958631813 42.4844087163 40.0174701729 42.2438512603 43.8782076401 40.6156445053 47.7637559058 44.3851575829 43.8660107581 44.3552397272 43.3020071588 43.0169844841 45.9866703025 44.9355165653 43.9531865635 45.4219426176 43.1423035167 41.5715900241 44.9434021876 42.6784776903 43.6875333571 43.5968947692 44.2002793521 48.8615545123 46.6027744026 41.6294299959 42.9781913442 45.1888546658 43.3742814225 36.3980694981 41.38504007 43.9435460197 44.8298324684 50.3781985871 44.7613879505 43.5589262186 43.376745736 40.1281086513 42.7132974858 44.322122719 42.5015630138 42.5111665822 42.206999867 44.1699013697 44.0096391172 46.4862302562 46.2642143366 43.3131308735 43.7347011191 43.7146618794
NexteraCap-110465,40.8178508593 40.8137050614 40.8278075012 40.6543251143 40.9271831229 40.4429201346 41.3643215955 42.5634166318 40.4924466599 40.4912270185 40.3222777257 41.0063965111 42.5426690056 40.2358300713 41.0391636022 41.7866505189 41.0457213147 39.87966653 41.2678879558 40.2488794819 40.9116683102 42.0015203709 40.8770288189 40.7388442132 41.002469782 40.4564326386 40.9115590102 40.9568139946 42.091413887 41.2341311271 44.0406730536 51.5704210327 41.7161447019 41.194851047 41.5346882706 41.623099848 41.4875920192 40.6991000299 40.3354408839 41.6174546084 42.0853157019 44.9435693844 40.5812083145 40.4935276624 41.7871483999 41.0518452555 40.9037974112 41.344445786 41.1158268709 41.0285373239 42.5689188967 40.8342356925 41.1187183119 42.4318142496 43.4544766571 41.5612287296 40.4461770976 40.5459721906
NexteraCap-1501199,43.3025933239 43.7431796152 43.5331228069 43.7238790547 43.7758379951 42.6213739855 44.0564861786 44.4927315751 43.2589336697 42.7729890776 44.1670149461 44.2357680979 45.2358120297 44.1535389683 44.0669774125 43.657212046 43.3538468902 43.2395439951 44.0786069502 42.5417590287 45.7459586539 45.6006755319 44.6498533155 44.1572434159 43.7961476662 43.4180574711 44.2541414349 44.3014043668 44.6241036955 44.3375069078 46.9317792006 48.2412285319 44.4240373765 43.5900468525 44.6532636013 45.7077423337 44.4944199542 42.5910495601 43.1794153836 44.9243369778 45.6875058167 48.3367732598 43.189106917 43.7989983537 44.8981071631 44.7381704564 44.5688349286 44.0594613414 43.9360273899 43.8949385573 45.4267198197 44.5910085501 43.9908981092 45.0808414283 45.9366228445 45.157007494 43.8923431932 43.6695322987
NexteraCap-1501199,43.5555156536 43.5598386887 43.3843631364 42.8402523652 43.1654758978 42.8415260805 43.7785051257 45.3333561068 43.608499558 42.8091474852 43.766205045 43.4088656995 45.589860369 44.2638901223 43.2766152196 44.2456916859 43.1497512414 42.2486805431 43.9902104607 42.612963356 44.5043503 44.7724690305 44.6926750368 44.2646731307 43.5558465552 42.6760782015 43.8501151218 42.5737872624 43.4941780316 43.966250134 47.0582361982 51.5365009292 44.6199713855 43.5532557753 44.0155577316 46.0223917707 44.0727488591 43.4798391145 42.9325711686 44.0742978847 45.5671153112 48.5680880185 42.7014797653 43.2254604812 43.5047164804 44.0703083585 44.0872731013 44.0579532852 43.6262189702 43.2801643458 44.5733539304 43.2257566684 43.7955712371 44.4603150808 45.5700391123 44.7429298254 43.2315745718 43.7330538584
NexteraCap-1501199,42.8753302978 44.8593290109 43.4341509168 42.9917714532 44.7877890574 42.2093503866 45.0003595729 45.9556395125 42.8843972087 42.8134957502 45.0919951036 47.1318288363 45.8276566585 44.4767333262 41.7525491537 44.0863417927 44.4182074127 42.7214181917 43.7703317805 41.4573044281 44.1070297776 43.8142518834 43.3364376676 46.0690507271 43.5554856322 43.7466551336 42.7691898241 45.1019798058 44.0758375222 43.7143120329 48.4668039388 47.2051723924 42.3283760716 43.6418459128 42.4450184332 44.2728777259 44.6714188219 48.3994575045 43.3867795105 45.0781613631 45.5045525224 47.3481761445 44.7582087445 43.3854390233 43.0631130798 46.8029325841 43.5582239117 43.3072408707 42.2543400633 43.0125530034 45.0969399707 45.8363668292 44.1751948379 45.6024814992 47.0647954915 43.0439972653 43.8233791267 44.748858597
NexteraCap-1501199,42.42862313 41.398276496 41.6810700865 41.8740143425 42.9805719736 41.298297217 42.7463770713 43.5690037643 42.4010363877 41.3315936499 41.9098820965 42.4603861731 43.6317698165 42.7217185445 42.5460669662 42.1338118046 42.4619798221 41.7738045832 42.5613780782 41.3786420392 42.9519734294 44.0615620902 43.1408996245 42.9712486088 42.2392072691 41.7143459892 42.9178296568 43.1192572399 43.1504370092 42.7366146553 45.7686228076 47.2756007762 43.0471776188 42.0429157271 42.2105875241 43.7680720565 42.9147714852 41.5992581468 42.1537333913 42.2745002334 44.8365268258 43.0363943031 41.8914334526 41.629670834 43.059410471 44.5887921596 42.3340528707 43.2695165408 42.4517031875 42.0677832357 42.7030780584 43.1224178339 42.2954799992 43.8044437967 45.0875291358 43.2784423604 42.5971285086 42.0063072062
NexteraCap-GIAB,45.0941059233 43.7648861445 42.7216764546 41.8418785859 41.2054342149 41.2947594295 44.0692657889 46.8494642336 43.7213016 41.8348039989 43.0483120438 45.6918742608 43.6360332548 42.5362155344 41.8354117653 43.6540336275 42.9984279392 42.0204928612 44.319602725 39.9846825504 42.3987236671 41.510650161 43.9879685341 42.4031142573 43.7471413632 41.5432671893 43.401004318 41.1950617284 43.6714691796 43.0325545851 45.9396081517 50.9132417965 43.2387488 42.5339528142 45.911217295 43.0210246914 42.5478543568 43.0665045396 41.7828630218 43.5940232045 44.1426828041 48.7520124735 43.3944883291 42.1960942079 41.6549600412 43.6802153468 46.050980759 41.6813702148 44.0574942499 43.987257929 42.6700099259 44.6961098264 42.7002980905 43.8819187944 47.4883063938 43.6472319854 41.7157311113 43.1252610644
NexteraCap-GIAB,41.9875605786 42.3703252593 41.8166119475 41.3582716764 41.404997481 41.2282088614 42.5700494393 43.4760346578 41.8760014525 41.1360383899 41.6730084254 41.3812489622 43.3208029963 41.9682032462 41.6711536559 42.5761405565 41.9821590876 41.4746740909 42.3178618271 41.2427719568 43.0487432639 43.5230984426 42.4409243856 41.0166179707 41.9624695515 41.0760050774 41.8381941336 41.9784032675 42.5029180779 42.2289253225 44.5476159011 48.8174086351 42.3333970044 41.8472456563 41.9772977837 43.2762624321 42.1898089697 41.9380050042 41.5782447329 42.6062369885 42.6489999714 45.9209386156 41.1234991342 41.9462213394 42.5257546118 42.2062847028 42.3390214466 42.1462630126 41.7181275337 41.8667716835 43.7339121122 41.368820553 42.2931894332 43.1235714765 44.2284077832 42.6790187624 41.9445878857 42.231793545
NexteraCap-GIAB,42.6235594929 43.7357436413 42.9690461758 42.6261913475 43.0823321599 41.8955619968 43.4175733052 44.7917108213 42.9731497315 42.1513385506 42.508551997 43.8372709044 44.9704431043 43.5695549519 43.6140031039 43.4192921111 43.3092981645 42.8352395287 43.4471507974 42.1683488467 45.061985587 44.674369431 44.2516070321 44.2980007057 43.1244013129 42.4966056114 43.6048853828 43.1487812084 44.2990571796 43.4615350727 47.2963849649 48.384217504 43.8683009573 42.682523611 43.2078475804 45.3326862959 43.4479255419 42.5372690091 42.3220986674 44.2252633581 45.5464452461 49.18788778 42.3118682382 42.9815376515 44.0507427116 44.4619252406 43.7749864132 43.24444002 43.5235382646 43.2219909726 44.6868272463 44.1091311394 43.1578965608 44.1939403496 45.0982417456 44.2681559465 43.1102371152 43.098794114
NexteraCap-GIAB,42.278706908 42.8220293711 42.3262801013 42.020733622 42.1071830099 41.4300896231 43.0854613453 42.9019073108 41.1212208466 41.9876820386 42.2845590927 42.6199215871 42.7601789637 43.182907999 43.1209909257 43.2691993417 42.0165285816 41.7988593372 43.2119973367 41.5514221904 43.8759377002 43.6589779247 43.1251977087 43.0112041394 42.4707593136 42.0745091534 43.1218848106 43.5563987952 43.4175015924 43.0889143187 45.511321518 46.5760965465 42.4585559463 42.1630843135 42.1941184714 44.5091543149 42.928999808 42.042588336 42.4228438493 42.7299907528 44.9112286649 47.0843290213 41.6146330293 41.9554871077 43.3203417974 42.4935030548 42.4376799911 42.757901606 43.0553500225 42.1530395991 43.448927276 43.4750556604 42.7594380141 43.8191248024 44.9677459813 42.815271299 42.5037627099 42.0008728482
Twist-0720ME25,45.5562456956 46.4997227534 45.8217864477 45.4093695335 44.3965197549 43.5198398024 46.1166947903 48.6197113199 45.4953377518 45.2882270148 45.7184013988 45.4005580752 47.8022159223 45.5521598828 46.3844353079 44.7720672392 46.0291775819 45.6534188756 46.9649139239 43.4327744767 47.2952787366 45.9513179862 45.9117633547 46.7458266607 45.9931109194 44.445882767 46.2890071546 44.907494988 47.3282957644 46.1513846151 46.0518054863 45.4768903918 45.3933548733 44.43131386 45.2812702553 45.049348304 45.7090030824 44.9088701034 43.2167893627 46.2338924714 46.555043298 45.6751353902 42.8203072027 43.9905262786 44.8889436861 44.2110672791 45.1484224237 45.1073909821 46.0824147466 45.8833419841 44.423732328 46.8295558073 45.0286231185 46.295413237 46.5203189506 46.8575835815 45.8228015546 48.501310435
Twist-0720ME25,44.6287258221 44.9457457173 45.2313832465 44.7418541309 44.1548626155 42.97976329 45.2300129898 46.9962130463 45.2553083062 44.4501794309 44.4129333029 44.2184582704 45.537422982 43.7762730768 44.709635992 45.4028355019 44.7831568091 44.6613715474 45.7133163469 42.8164938394 46.2445085848 45.0623626131 45.0135360995 44.8040318149 45.3550231245 43.4012624764 45.7818077764 45.2415399708 46.4517753667 44.9356906314 44.5224745501 43.946793859 43.9487610462 43.4792623934 43.2490062182 44.4172796585 44.81171702 43.8391828548 42.5285488261 44.328943972 46.1782972689 45.1336037894 42.6781095932 43.2358669545 44.7937661874 45.3765517932 44.034950241 44.7186754362 45.0085702945 45.0398571149 43.6511096053 45.666250089 43.4125762697 45.8162693924 44.9344655817 45.6039451248 44.8023991839 45.2434396125
Twist-110465,44.8630198238 46.4613683714 45.9477137449 45.3334764721 44.9256513177 43.2006728135 46.1584424871 47.7147752054 45.0176177403 45.3579382683 45.4428911739 44.9938851695 46.1196534298 44.4967757259 44.7282105796 44.9218731232 44.6129917272 45.2880384115 46.340390602 43.4775171582 46.1297260606 45.5813967468 45.3926477677 47.1903698647 45.8826688263 44.462271839 45.3833351836 45.9897750216 47.1353923634 45.7835449368 45.3933707385 43.9602048083 43.5373322181 44.0875405475 44.3344827042 45.6674467726 45.3511526873 44.1437991039 42.9264260842 45.4569453696 45.6003259626 45.4524725148 42.9354617703 44.0414166752 44.6467188235 44.9925032756 44.5022502858 45.2264016109 45.9738876072 45.4288071166 44.7054946115 46.6484038006 44.2653787021 45.6754058329 45.0767403089 46.449989602 45.5323647682 46.1954257538
Twist-110465,43.7363540488 44.1035098553 43.5366774175 43.1057497249 43.0536380178 41.6488443346 44.5421636517 45.3478150766 43.1017019561 43.4176835307 43.3184578106 43.6155479995 44.9963706704 43.3849512327 43.1272599017 45.7294457665 43.4135693888 43.9323241125 44.6445941261 41.6416463982 44.735606 44.2328316568 43.6705776181 45.2030438324 43.9765815576 42.2781335874 43.8363789722 43.9927862523 45.0866445367 43.980643668 43.8706945501 42.3269552885 43.6364721871 42.4377594051 43.3399018058 43.1100445508 43.4840956703 44.1385610204 41.4923884051 43.899517002 45.281671898 43.8702470504 41.3584642814 42.6758132666 43.0044257265 43.0781811759 43.0484386047 42.716831855 43.7572422097 43.7390083109 43.185149431 44.3449502941 43.5760335585 44.8417490045 43.0402420366 45.0498674321 43.4552135622 44.3708377042
Twist-1501199,45.6726205291 47.8483793076 46.8324912336 45.7172076309 45.0371837 44.1916739413 46.9672381762 47.8993422161 45.6080585961 45.9290429347 45.0404288341 45.4116067219 48.4689521777 45.4381506043 45.4700744009 46.8533625314 46.796782855 46.5472831163 47.3144887528 43.9280800889 47.8581411152 48.1968623943 46.3146389973 47.9410265707 46.5687091968 44.8512556384 46.3122279558 45.5530882255 48.5528412566 46.9122161742 46.6347603736 44.2008110849 47.2255279806 44.6751093436 44.8918132693 46.0653250798 46.2751055283 45.4329261551 43.6729906485 46.6575320559 48.4229489083 45.6284474082 43.3629574676 44.9691012057 46.1206016761 45.5333214293 45.9459763283 45.9831030126 46.6048632181 46.2461691852 45.0997574029 47.097576334 45.3330049985 47.6932623014 45.0879161587 47.2392166912 46.1014563937 47.5529015295
Twist-1501199,44.1550343725 45.5891331335 45.0214753834 44.3857688316 44.2577887507 42.7163956463 45.4390517281 47.0635350791 45.0645475126 44.4914025312 44.4720179608 44.4747156811 45.11057891 44.5912861374 43.6129246205 44.8630355476 44.1529554075 44.8725504375 45.4577197614 42.7057132978 45.317475469 45.0020036178 45.0977582067 45.3272350784 45.0825719665 43.442205519 44.8971232999 45.5908550755 45.9609725397 45.0678965081 44.6012571325 44.0951660159 44.8033656123 43.3905487398 44.2567764309 45.2059239574 44.7299961377 43.6995863929 42.8392782648 44.4969864706 46.9519012306 44.6938745502 42.1997527816 43.7040201157 44.175275606 44.360191332 43.9156399164 44.3796046355 45.3235481348 45.1711340907 43.8640194212 45.8141542742 44.1169524834 45.7044655243 45.0006949379 46.0516315966 44.9075289393 45.5522798007
Twist-GIAB,42.5618923387 43.219148743 42.5393983143 42.1265218395 41.9129575413 40.8147925984 42.9546713527 44.2858633922 41.8944075004 42.1188531015 42.3211570597 42.1575196684 43.2803694906 41.829748024 42.5036821915 42.9730042199 42.1945329027 41.5128633724 43.2636462648 40.657112629 43.2250547972 43.1061407683 42.7222724634 43.6258721735 42.783875302 41.0911460451 43.1980152321 42.0817710715 44.0266193625 42.4761498162 43.3221209054 42.103053074 42.4145184618 41.5052815732 41.8428133454 41.7418994572 42.4422818354 42.1570941474 40.8060175325 42.6494830176 43.706805704 42.3937893093 40.2426709463 41.1448458563 41.909233559 41.7851061512 41.8269278181 41.8532388177 42.7261650299 42.6273968211 41.3992421113 42.9443872035 41.4915111756 42.771529537 42.5789710258 43.4056426742 42.1136739007 43.2802121004
Twist-GIAB,44.8251000833 46.3564304483 45.6040246988 45.1830636619 44.75168071 43.5445166014 45.7514309877 47.7748157451 45.0333677655 45.1371017745 45.226802174 45.3956572536 45.8823919011 44.3271113498 45.0697157021 45.5731980586 44.8243563986 44.869691759 46.2909078914 43.118721718 46.6609180569 45.4719589171 45.2591314033 46.3917398312 45.8583664809 44.2022091716 45.6304470787 45.1357562688 47.0955245376 45.5726432376 45.7684051847 44.4487196941 44.6250283362 44.0656130405 43.6963100481 44.9608571571 45.124739866 44.5765789036 43.2432902855 45.1928762131 47.963234116 45.618066163 42.8223603512 44.1720144087 45.2832978272 44.8687375515 44.6496526693 45.6516320493 46.2453318426 45.9990865578 44.7751837403 46.331500465 44.6291697993 46.1084823394 44.8084555571 46.0154994137 45.1887301975 46.1026928539
