sample-name, LDLR ACTA2 MYH7 ATP7B MEN1 APOB TSC2 TNNT2 ACTC1 SCN5A TGFBR1 BMPR1A KCNQ1 GLA SMAD4 SMAD3 LMNA MUTYH CACNA1S APC SDHB PRKAG2 RET TNNI3 MYH11 BRCA1 MLH1 SDHC TMEM43 RYR1 TPM1 VHL OTC DSP MSH2 RB1 RYR2 SDHAF2 MSH6 FBN1 MYL2 WT1 BRCA2 DSG2 PKP2 PTEN DSC2 TGFBR2 TP53 MYBPC3 KCNH2 COL3A1 PMS2 PCSK9 STK11 NF2 TSC1 MYL3
Agilent, 43.55551565359787 43.559838688667256 43.38436313635835 42.84025236517926 43.165475897786614 42.841526080490226 43.77850512574305 45.333356106791136 43.608499558025834 42.80914748520069 43.766205044984964 43.40886569948447 45.589860368972474 44.26389012231414 43.276615219645095 44.245691685881496 43.14975124140525 42.24868054309312 43.99021046066989 42.61296335595365 44.50435030000095 44.77246903047394 44.69267503678091 44.264673130702775 43.55584655522762 42.67607820145396 43.85011512179929 42.57378726238527 43.494178031613146 43.96625013404879 47.058236198205236 51.53650092922821 44.61997138550967 43.55325577526059 44.01555773161932 46.0223917707401 44.0727488590901 43.479839114513084 42.932571168622054 44.07429788468219 45.56711531116047 48.56808801853317 42.70147976527922 43.225460481188634 43.50471648042806 44.070308358481476 44.08727310132962 44.057953285181604 43.626218970182045 43.28016434581411 44.5733539303629 43.22575666843492 43.79557123711361 44.460315080803845 45.570039112322085 44.74292982537021 43.23157457182289 43.73305385837413
Agilent, 41.017024918948266 41.34381382603597 41.09150631519716 40.376628767055166 40.10966492257694 40.206810405370206 41.18759557456023 43.335703411441905 41.086288895693095 40.379686877906344 41.27476793841349 40.658089095469265 41.79898214522916 41.01025526665654 41.16921523038457 41.20844740043606 40.46593431504715 40.39815783317368 41.428812407864534 39.66545589268559 42.55028091332298 41.670304935681614 41.09033896353126 41.73771344391209 41.74388074902714 40.43098445313207 40.86934808440148 41.12530881985353 41.610804597608706 40.76523714190621 41.149976915825924 41.683347575586566 42.02191010676812 39.92019838959057 40.705774956835455 41.07342555475908 41.342659218889416 40.7179670052772 39.3650618619426 41.828670569981284 42.5851501882248 41.394922975076504 39.38650217177869 40.25582104439904 41.204132771052905 40.20464336823429 41.33456758089048 40.3513994835907 41.010366212215 41.21101399316186 40.11950072891055 41.0670459076955 40.8449232675263 40.550939223716966 40.45854507296737 41.23331072792874 40.771617874285 41.132232083005356
Agilent, 38.89977037506237 39.04108279916544 38.987650706317574 38.64866308108765 38.51068961034206 38.39578632808493 38.84620559578413 40.30389585758803 38.92927811961397 38.58830083633098 38.621382905083394 38.510871581329106 40.10890490220455 38.99543691179412 38.5733439972955 39.110330985123014 38.38752781401339 38.41647374448342 39.24365174943117 38.06321140135738 39.27177795954512 39.45582175372887 38.771162778558605 39.30852669321329 39.28688776624322 38.40836444008645 38.867936481227886 38.916534103171436 39.23863962858196 38.786765588295616 38.95577092094256 38.89142691254679 38.97664164605944 38.433157068072035 38.52993213018808 38.8071251560379 39.08516085258685 38.82816555139296 37.84718609732533 39.54555429182092 40.2059809296467 38.7360868566254 37.975287280871264 38.45199578830769 38.94927512309656 38.53325904016054 39.0802973697402 38.73014927677854 38.680593342422156 39.06344615776493 38.27290660199437 38.95449459932742 38.94692731650641 38.35610821245472 38.853724801609914 39.36376033415754 39.25186357275825 38.69229731021365
Agilent, 41.28171982676878 41.76988080330248 41.281431650931616 40.940468580454755 40.45566489453451 40.31324736748779 41.268808208975564 43.81835137870794 41.389601564804885 40.440526235329834 41.40076054790895 40.84982707938117 41.792740156688474 41.480894966056134 40.945584205791164 41.64551749200388 40.7876380975436 40.65731553862143 41.603982921732076 39.79279321693404 42.15558207416902 41.898784474702566 41.422121589850924 41.47343114281958 42.16607929723009 40.783562034507 40.970513567619946 41.95756380213478 41.78685200602114 41.09627815592427 41.040683684566176 40.300038136245654 41.30960984357352 40.201324454844446 40.54946654163147 41.60797554289752 41.67573753903306 41.381336185480066 39.67730539047935 42.272576492928174 42.38457280754603 41.45656566185592 39.62677910652493 40.533201299031134 41.37661176736338 40.468096071012 41.104855883601985 40.82323444080491 41.31886739355681 41.31006711052089 40.52322737954728 41.302828164318974 41.36727679884462 40.78823032677428 40.77207874478808 41.704196433916785 41.14866383106325 41.03888612852782
Agilent, 41.9446791494235 42.69417454088011 41.61489951802199 41.87088076536135 42.26305447786279 41.45837578145077 42.45460661481993 42.63802900544224 41.54714521707386 41.289621880089115 41.9161353315001 41.360259383354624 44.401829920620855 42.408129817434094 41.62581973046155 42.576434451064074 41.780503183871545 40.91178869936169 42.197711718162864 41.1222030064938 42.5766048692015 43.317714600096856 42.96706561407679 41.32538393311084 42.04059708582837 41.10719569824812 41.880237721423214 41.80604877834523 42.77597692869713 42.47217792761888 44.79116851109359 48.20916361612808 42.794708073297784 42.02865114410614 42.06347670968722 42.56531213399785 42.470054010750864 41.886361835815116 41.973011245454565 42.701622812944535 43.401266669450244 43.74593071161413 41.317512676663895 42.09744621574939 42.46556908462003 42.397112532638964 42.71408122594867 42.117039081948825 42.00448653542593 42.29169354714351 43.55176944924486 41.32251807568808 42.31621585017742 42.86850712643772 44.16796030618435 42.54883220274889 41.623667945382294 41.70440348552144
Agilent, 41.539244493454646 42.11067291363555 41.161353206403014 40.786610591174224 40.677833861933124 40.321249165705545 41.50453869531073 43.07939054464165 41.51526022000247 40.68714109857301 41.94440631846468 40.86666865176981 42.24717566300813 41.103644494137804 40.72141458857428 41.857835973345786 40.905813269975845 40.437533082742284 41.65919577780024 39.736324915182585 41.84871101545489 41.954016110678225 41.30796863094721 41.683849622373465 41.87039496078123 40.65357914152576 40.97374079641152 41.784689114992986 41.9761722909357 41.11087881843244 41.60194928149453 40.00093496604472 41.69041191757017 40.20585148443882 41.3346934299822 41.45345688727017 41.432570917996344 41.0064394538093 39.62992718611622 42.26754950219618 43.166150625227736 41.56485992440005 39.67204403225456 40.38435334475702 41.02639047701417 40.70768554666663 41.508802403151186 40.99599276141451 41.24686847562881 41.083278967800936 40.3289734608474 41.39284936947597 41.12705414922889 40.720304227858016 40.41912427700672 41.643476235446066 41.20407484442747 41.660460993623
Agilent, 41.98756057862577 42.370325259291945 41.81661194747773 41.35827167641996 41.404997480961434 41.22820886139661 42.5700494393208 43.4760346578377 41.87600145245552 41.13603838987991 41.67300842541502 41.38124896224163 43.320802996271134 41.968203246216284 41.6711536559205 42.57614055654183 41.982159087596386 41.47467409087799 42.31786182711947 41.242771956840244 43.048743263899446 43.523098442564624 42.44092438557326 41.01661797065203 41.96246955147589 41.07600507740688 41.83819413363091 41.97840326748093 42.50291807788045 42.22892532249977 44.54761590112929 48.81740863510363 42.3333970043901 41.8472456563102 41.9772977837403 43.27626243211231 42.18980896967338 41.938005004159535 41.57824473291896 42.606236988495375 42.648999971443395 45.9209386155982 41.12349913422243 41.94622133944541 42.525754611770154 42.206284702778795 42.339021446636075 42.14626301262368 41.71812753367473 41.866771683476095 43.73391211221291 41.36882055303311 42.29318943324526 43.12357147647361 44.22840778324493 42.679018762385745 41.944587885701395 42.23179354498023
Agilent, 40.817850859305764 40.813705061359265 40.827807501221116 40.654325114313124 40.92718312289368 40.44292013460349 41.364321595502254 42.56341663178251 40.492446659866715 40.4912270184868 40.32227772567845 41.00639651113685 42.542669005639375 40.23583007131998 41.03916360216456 41.78665051890232 41.045721314741954 39.87966652996534 41.267887955825316 40.248879481903096 40.91166831021068 42.00152037094767 40.87702881891523 40.738844213159005 41.00246978199252 40.456432638570455 40.91155901020132 40.956813994643134 42.091413886996335 41.23413112705673 44.04067305361511 51.5704210326645 41.71614470187747 41.19485104704178 41.5346882705675 41.62309984799508 41.487592019160665 40.69910002991222 40.335440883928236 41.61745460839721 42.08531570194452 44.94356938436679 40.58120831448283 40.49352766239496 41.7871483998859 41.051845255461394 40.903797411212445 41.34444578596996 41.11582687091028 41.028537323900366 42.568918896739675 40.834235692457725 41.11871831186019 42.431814249561256 43.454476657136425 41.561228729617696 40.446177097611056 40.545972190602654
IDT, 41.725197423023474 43.508180774762764 42.20432877311211 42.538743254918664 42.29389991708887 41.70524823488717 42.59402848810392 44.581350368182996 43.07427368928393 42.55155596163751 42.46869521367315 42.9760989464857 44.17030770103743 43.805186175416644 42.44861468310919 42.29157744869511 42.13534094374199 41.73207452931506 43.16379276268246 41.75005425955402 42.7398937644286 43.89959144603378 43.48165822770673 44.17231835389708 42.80207614571068 42.05796018904381 43.62076030257597 43.929108537240296 43.26844081970811 42.919711876894624 46.92874491986181 46.647408038131495 42.02120907621115 42.1256810405651 42.64562893827965 43.984063574968985 43.49523897726659 42.39750626803256 42.012168638179126 42.71035229154888 44.73587703891524 46.87942070060104 41.87246501853799 42.259785603678026 43.011888065292176 43.8164255653559 43.34000614060467 43.00299890577855 43.048585026248944 42.555568292917535 44.34456949141961 43.98243557419595 42.94867888987309 44.033548328292675 44.66149024482562 43.670675140486644 42.87302516988143 42.574899996440124
IDT, 41.39625092109135 42.38394518835532 41.95276612080453 42.0799428844591 41.413018980932165 41.11097627934402 42.47280382830012 43.59795235826967 41.94781074995355 41.178676490783886 41.71451196065541 42.689813542295106 43.045258815713645 42.933906184746334 41.50606272661678 41.78606899674542 40.86538635389473 41.02321062556203 41.77002376131123 41.198974811283364 42.616883072562494 43.90257656385458 42.5809313107689 43.18952126134058 41.85107201483208 41.736223411923774 42.14930406616168 43.20478107550335 42.801797083122786 42.35900894944942 45.805062197320325 47.287529918043624 41.383405916752764 41.4476922539376 42.3219926924621 43.99792256610126 42.24425917960671 42.61732727237971 41.13778828259883 42.16978300634453 43.36301656281883 45.53606726538814 40.935845684812115 41.99673190178239 42.48190258164219 42.462511757146046 42.3062295891659 42.415677729319974 42.5640768094998 41.535712013335576 43.494371694515145 43.07491722383109 41.92904951638439 42.96095856626404 45.524030758531175 42.54070020460551 42.02388293877332 42.45952787851017
IDT, 45.15785899481847 45.70687284584484 45.84713325884253 45.80275393566026 43.910321879074274 44.17157077106904 46.243629313231104 48.31686086421229 45.561330209922914 45.56857343690982 46.2206623916475 46.226783954609864 46.02990993671834 44.649969918567635 45.14135446764044 45.00049486121464 44.59604473217466 45.36523005785118 46.32415787907154 43.91520422013164 45.78586622319983 46.278282494187536 45.75896255031139 47.6747158069694 46.17256626135745 44.68363024654918 46.10779658370844 45.839260095777604 46.95086187950343 45.88024897444273 46.37409806743007 44.88164992773472 46.77431054095574 44.72328191701098 44.5045110062722 45.823615041790546 46.226180257481786 43.107796471693455 43.51508518924965 45.85864827320304 49.310827374391174 45.95236544077924 43.48370018835389 44.93794526623091 45.108012008534274 45.49786041965541 45.298330599102044 46.10099704652202 46.60765866680021 45.96623846093994 45.022836459528094 46.77821926003433 44.83753645109052 45.81935936647907 45.21457611145266 46.754391695266044 45.712949288662436 45.90040871116612
IDT, 45.68667084237212 47.32592683612049 46.62020461399 46.39461914909296 46.68572484492623 44.889360742124275 47.27205515386585 49.340597339727836 46.33199485404542 46.21850099425942 46.47542124795328 46.14237789580879 47.043426290881676 46.82393264746768 46.15565741728182 47.51037937081562 45.85890373773213 45.84823492019321 47.61702132011558 44.60673674315933 47.010208494286715 46.72333022848677 46.99694579798297 47.91048321294283 47.0722370778479 45.61797309105398 47.020535967376524 46.11878917168742 48.3827955708634 46.53939405323129 47.10813436646698 45.458195712492284 46.20103802454025 45.342469538730434 45.46274237679866 46.81765884138155 47.02238490785333 46.644474768309536 44.63022601839162 46.764894886225925 48.54274073200465 46.76018771989991 44.180788696541136 45.974111076580776 45.95375226674909 47.57771323449495 46.355567729117446 46.78534684383125 47.48835904573601 47.00655198422453 45.35226657000043 47.63836579139736 45.88861299463088 46.6611549502547 46.12040662582504 47.6308878237227 46.03616542092923 47.40542593324141
IDT, 44.863019823848646 46.46136837143401 45.94771374485583 45.33347647208282 44.92565131767471 43.20067281350422 46.15844248711349 47.714775205389955 45.01761774031013 45.357938268332056 45.4428911738799 44.9938851694763 46.11965342977877 44.49677572588996 44.728210579630705 44.92187312323077 44.61299172718983 45.28803841147271 46.34039060204373 43.477517158174216 46.12972606059508 45.581396746790205 45.3926477677411 47.19036986471461 45.88266882628038 44.46227183903745 45.383335183552674 45.989775021640085 47.135392363377676 45.78354493675706 45.39337073848291 43.96020480829913 43.53733221812196 44.08754054753862 44.334482704216036 45.66744677255361 45.35115268733138 44.14379910392555 42.92642608416975 45.456945369624435 45.600325962646366 45.45247251479337 42.93546177030897 44.041416675225086 44.64671882348381 44.99250327561336 44.502250285766785 45.226401610905405 45.97388760722439 45.42880711660828 44.705494611545326 46.6484038006162 44.26537870208482 45.675405832892416 45.07674030888108 46.44998960198238 45.53236476820908 46.19542575381872
IDT, 45.14127613209506 46.22600216932669 45.125053933027324 44.75255343577792 44.22607630913199 42.39582915904502 45.99458689320897 47.09153618918004 44.582178605855276 45.25949382508468 45.11750515014473 43.417677457918124 47.50259726463579 45.67065963332923 44.50103989275167 44.772359508708746 44.48563595183709 44.568630934842375 46.68051208523339 42.45562156728002 45.319998441813844 45.33757400035069 45.75972611021887 46.21984815911268 45.538930866962396 43.46476214617045 45.40598085182251 45.96634428901713 47.72041670450322 45.85020076693947 44.192391420012534 44.363326199731574 44.83692414465874 42.89827799183305 43.40920885510728 44.167203876480144 44.87262163398519 42.955249462366524 42.77572005852737 45.16450600945457 47.65908521643885 45.020858354819616 41.89084581697446 43.1377592477438 43.85602712839946 45.039896110433304 44.04428841344099 44.65167964071616 46.47700380364498 45.884331583094074 44.50825406322233 45.45957581471845 44.37666318049749 45.97613857069289 46.24200206168231 45.36846961840976 44.21761813667842 46.709794462784686
IDT, 45.86078410301615 47.542629978859225 46.57085964192148 46.11532422230646 45.654871697980624 44.57182063743139 47.196607090696496 48.493245632256716 46.06641188244122 46.199610778343896 45.87056255280854 46.12495950113691 46.90393190769435 46.228192338260165 46.81630366783876 46.17199318218627 45.70385654508849 46.0556548838251 47.24923896238163 44.34287571524693 47.00912923872784 47.216710180533696 46.53086046821971 47.15911311427893 46.12088165194312 45.31667787610058 46.6579698182622 46.187840081232004 47.89842928961326 46.358917572798994 47.052335417025844 45.285863479118504 45.76289059996242 45.03834780603504 45.005625616532846 46.494077570460114 46.756314305194714 44.89972936302968 43.745813181733126 46.4850907233341 49.715373841986825 46.78539828419564 43.74840107327987 44.95417037809708 45.650415741705736 45.992961043739115 45.60080525525975 46.49900521737931 46.69993992566562 46.51559478347756 44.91021368827158 47.772805336042346 45.046869939703406 46.41103562428926 45.691943950845825 46.84726059223127 45.9387811082489 48.0580373558776
IDT, 43.36254558989017 44.27639526163189 43.71952909877935 43.65691879584865 43.00143341548678 42.40459205996645 44.01192180918665 45.66962508069932 44.303135536622456 43.080733662432834 44.65339344300989 44.738616015197536 44.597098260282216 44.85476045440914 42.96861799965699 43.449433881948714 43.030740994897684 42.52918092932642 44.65720689882533 42.63043399110345 45.30269222412609 44.149291384402446 43.72101631670199 44.68977296138141 43.891005218518245 43.42752268321139 44.498958628184354 46.39992875631982 44.49665996416207 44.21082651399002 44.37348842811592 43.416491206235406 44.937812656957774 42.981544583758286 43.57804832472625 44.32455540085192 44.283551147384316 42.05603960741761 42.39251647024079 44.40611692876424 44.62441718471137 44.96531718860917 42.12456793406581 43.258666708919066 44.13553141817769 44.68075443853257 44.11682044169703 43.860271472737494 44.412882205017766 43.68294810791079 43.223833352286434 44.744784516056136 43.48116722964442 44.57250576326782 43.73485323791285 44.21626495149152 43.79742317206805 44.70942823300424
IDT, 44.62872582211966 44.945745717334724 45.231383246528 44.74185413088492 44.15486261549699 42.979763289994146 45.23001298980119 46.99621304625854 45.25530830621721 44.450179430927385 44.41293330285923 44.21845827041616 45.53742298203964 43.77627307679572 44.70963599195487 45.40283550185484 44.783156809088695 44.66137154735529 45.71331634687 42.816493839386766 46.2445085848144 45.06236261306898 45.013536099522064 44.80403181492855 45.35502312448668 43.40126247644087 45.78180777642336 45.24153997078369 46.451775366740826 44.93569063144133 44.52247455012864 43.94679385895168 43.94876104623379 43.47926239338228 43.249006218152786 44.417279658475316 44.81171701998144 43.83918285475116 42.52854882605198 44.32894397202673 46.17829726891159 45.13360378935988 42.678109593161146 43.23586695449208 44.79376618741264 45.37655179321729 44.03495024103135 44.718675436192115 45.008570294521135 45.03985711489291 43.651109605335364 45.666250089044176 43.4125762696974 45.816269392380136 44.93446558170716 45.60394512478624 44.80239918388981 45.243439612505334
IDT, 43.409342412678036 44.96389629833931 43.409315117027866 43.716940418860645 42.571927362567614 42.37218725204752 43.652518121121915 45.07605864487476 44.0510991768645 42.92051613722146 44.322370577489934 44.107839599517455 43.35549701600703 44.6933558356789 43.88127169515798 44.67409882720036 42.78275113452344 43.64489302796133 44.657982324380605 42.10537033424075 44.06731951538408 44.207610025804456 43.37662173125577 44.410560914372 43.286841486120764 43.25690650573336 44.39420806381782 44.42536886855743 45.511364543734686 43.88714692748509 43.36755629308993 44.273885428022055 43.84699318865699 42.96423473498345 43.73524350813242 44.03285540748301 44.22562195206073 43.3340515019249 42.17513920152865 43.76947369272336 45.490588350016495 44.50776870963292 42.26630848651257 42.97651498981836 43.163914162368144 44.62058491757232 44.060460603843055 42.935423082110326 44.39401987680979 43.811616558108916 42.99600883246186 44.76737984884114 43.8412888827964 43.05910556580103 42.988141817723694 45.12199290076877 44.119120223890036 43.55846856818107
IDT, 42.32678315996821 43.432486768532314 42.660983629040345 42.961850712187 41.64923588933001 41.45959611440067 42.59838309684793 45.23501764441841 42.87803900322784 42.45890123255581 44.04067038397714 43.33039685638534 43.85088875605943 43.57028367222251 42.97586665691072 44.15208195190164 42.10659111365519 42.03067954666789 43.16005054000968 41.40441933008845 43.990264799115614 43.440958330224646 42.56966282712121 43.257271734246835 42.85392148967827 42.62423676457758 43.846928504759454 42.840448306305525 44.43528626414129 43.052074325121716 43.346236621997804 43.76356889954313 42.495253232016545 42.10401036003629 43.042676255963734 43.80474521573671 43.388752683246075 42.07450568383018 41.32196283572234 43.25279905865476 43.89442265702035 44.37905143489882 41.53180878365131 41.86835351465751 42.88035098099842 43.08528133031961 42.60924390653244 42.23267329967887 41.883447764798134 42.77182383095256 42.19596087024066 43.9840055483143 42.74371688184719 42.89130493132024 43.1326756597932 43.97505419052685 42.986367980507225 42.92476410659648
IDT, 44.32615173654768 45.34037894400644 44.753972576156144 44.23067963329427 43.72858619472416 42.614745239827585 46.059329123467 48.16496000471498 44.30340521537019 44.967982406841585 43.986749275389236 43.53833073341499 46.43601403226743 44.57499285027533 43.834342413755486 45.04599984332345 44.72424439711925 44.60413213300268 45.94936635209264 42.30564561685299 44.98083133563467 44.865225553039586 44.91686661685554 46.00722908488762 44.7788314788723 43.26136048474735 44.939792786245555 44.274491608124904 47.37310116393307 45.54476006080749 44.51004722518444 43.786050561401375 44.652720938466906 42.91066029620397 43.56298849745869 44.44661778986193 44.30997358853195 42.373980861191804 42.64674046503367 44.52205965557019 46.76149334177805 44.69017147990925 41.835829465145714 43.39207313269583 44.3647433752399 44.38871411581589 43.94267941916332 43.9275684053673 45.72692426798959 45.822493848059416 44.40195660014426 45.49728417150203 44.327129804931076 45.96951108721495 45.99335698534308 45.849231423027625 44.55056269204727 45.84065567476804
IDT, 44.79116106568056 46.25476861898481 46.081061632718274 45.497475097926035 44.497191671939476 43.84683986874417 46.207361473052224 48.03819591241237 46.30167132118757 45.65845607190086 45.873937541200455 46.18651461476988 46.30407905655953 45.73066291848599 45.59591208413086 45.56478982678003 44.44784568195744 45.51967158696722 46.501091112266955 43.858046576913 46.93054524326545 46.644760522040045 46.137670188498895 46.95176614656558 46.230500851127246 44.67388193237643 46.131449318483995 47.719344129964504 47.82931119050677 45.893561692298704 46.387647168705314 44.469828525033776 46.11575720498545 44.56695369417855 44.495668929499594 45.902115576722764 45.918201321616465 44.65713565371534 43.636086318732104 45.776445706626596 48.03074296724875 46.3163189202461 43.40548760708052 44.83808903217373 45.79301351013362 45.63386071434862 45.19341792957287 45.35272364399704 45.9765522117828 46.07314450118802 44.88424522361007 46.61840558696762 44.6895119692186 46.098294963403156 45.33026759285026 46.38739413855358 45.4826044249244 46.92110046597723
IDT, 44.8251000833233 46.356430448307115 45.604024698847724 45.18306366186229 44.75168070998813 43.54451660139614 45.75143098774791 47.77481574506928 45.03336776554246 45.13710177454885 45.22680217399383 45.39565725362691 45.88239190110781 44.32711134981779 45.06971570211372 45.57319805856681 44.82435639864638 44.86969175896034 46.29090789138903 43.118721718042785 46.66091805686134 45.47195891709077 45.25913140332505 46.39173983123692 45.85836648093628 44.20220917157131 45.63044707867648 45.13575626879249 47.095524537562135 45.572643237575654 45.76840518471697 44.44871969411146 44.625028336231054 44.06561304049677 43.69631004805516 44.960857157077186 45.12473986598802 44.57657890361089 43.24329028549031 45.19287621307639 47.96323411595408 45.618066162966635 42.82236035116248 44.17201440872597 45.283297827223365 44.86873755148434 44.64965266933784 45.651632049346034 46.245331842575965 45.999086557820114 44.775183740315626 46.33150046496735 44.62916979932839 46.10848233935504 44.808455557076755 46.015499413712085 45.18873019746985 46.10269285388429
IDT, 42.9102577904806 43.765777570163785 42.618915559979534 42.30276958466344 41.273017655595986 41.33286479033625 43.00859124872976 44.35475298697476 42.845930564427626 42.360750706100724 44.090240178932746 42.71719210761146 44.51260356196038 42.631876432989266 43.49709655236474 42.41516112630773 41.97404182513874 42.15970850316471 43.13677786185564 41.479863629505665 43.58123154429584 43.63676039252841 42.980647190835306 44.02654598991911 42.68730308354538 42.228079507354146 42.549000088831924 42.83599777379135 45.15863528719804 43.16092661041405 43.502044550903165 42.67202295937021 42.35984139064974 41.730870268009916 42.45712342584909 43.4299028921599 43.54750494583269 41.51300671382324 41.60693470125879 42.99779172781271 44.05443242304346 43.217306258081074 41.456746590859474 42.109261618964105 42.21089283596159 44.218151318884495 42.89529237471843 42.242168186345495 44.3733385909595 42.749293018871384 42.36518679573415 43.732499738479234 43.02100172716915 43.47375801536147 42.68393787217605 43.318096049552864 42.8492965071152 42.359598620486
IDT, 42.428623129998314 41.39827649604841 41.68107008648602 41.87401434252512 42.980571973623874 41.29829721702696 42.746377071250805 43.56900376431685 42.40103638773565 41.33159364985676 41.909882096530275 42.46038617313884 43.631769816497005 42.721718544542675 42.546066966232175 42.13381180456641 42.46197982208547 41.77380458316099 42.561378078159905 41.37864203918863 42.95197342944394 44.061562090245225 43.140899624500676 42.971248608801815 42.23920726911666 41.71434598920109 42.917829656803235 43.11925723985843 43.15043700919108 42.736614655268355 45.76862280756709 47.275600776183566 43.04717761884063 42.04291572712562 42.210587524085675 43.76807205647888 42.91477148522818 41.599258146803415 42.15373339129607 42.27450023341205 44.83652682582562 43.03639430308218 41.891433452608275 41.62967083395465 43.05941047097873 44.58879215960029 42.334052870676736 43.269516540789695 42.451703187512955 42.067783235690946 42.70307805840568 43.12241783394141 42.295479999161465 43.804443796700255 45.08752913581161 43.27844236040539 42.59712850859842 42.006307206234105
IDT, 45.16268875378631 45.517903006496795 45.00863437876894 44.936706037889756 44.79654997550502 42.97273186003674 46.00724157638532 48.33631373662661 44.60682740302068 45.42593283269679 44.26052178877771 44.700480638674776 46.07834923500419 44.85153169121838 44.53355378559442 45.68368426716911 44.924399901053896 44.94685838380725 45.92994384959883 42.5334616229829 45.54826513548535 44.57274969537685 45.52361555094092 46.021595505104955 45.408030525156335 42.91454117822428 45.519914863051156 46.45875661852645 46.81576712625343 45.878527132786935 45.118369333757684 43.68023215579841 44.17768716132685 43.16068402843417 43.66222078881042 44.657586504843415 44.5892153495497 42.87945971342793 42.4008793890319 44.349790229150095 47.985236520567085 45.33044852121916 42.19057420487544 43.5740433451842 44.5741365832953 44.40040191668043 44.1053729619628 43.87024593946416 45.47270198162655 46.2528769442965 44.37924299740544 45.81880990763313 44.031297952550325 46.11652573945612 45.728533084034076 45.93561143030768 44.59479414733806 46.45990040818976
IDT, 44.144337030830414 44.620757111942865 44.50004155514752 43.834276884235756 43.77408673892288 42.10372364592211 45.67180591984571 47.62791531091664 43.860387158289 44.35426616703618 42.94043996267189 43.470786736967995 45.86490964143588 44.75815459694419 43.760220704229944 45.50178069957327 43.94164669873442 44.01793614143204 45.665292346677035 41.90515884655221 45.55652574892929 44.57930730242152 45.053406474920074 45.87722800871079 44.587061564122614 42.76888061262057 43.6243420453221 44.5303559690669 46.5011722555712 45.14956116358058 43.75408143617024 43.23936915504754 42.912750176458175 42.76645323348726 42.9036362749409 43.21112785895022 43.87865561648619 41.920013119658286 42.30558867766685 43.74778837504928 45.71881665163785 44.670897032866066 40.92805237149962 43.143409456350604 43.85247309187928 43.409401827787754 43.35550648506827 43.55000503036354 45.35447318521072 45.21341069664245 44.58027772038941 44.609547851182896 43.42017614404777 45.41620502653644 45.35993327699922 45.59785386208004 44.222271805376145 45.641594258374326
IDT, 44.15503437253452 45.58913313354285 45.02147538338793 44.38576883157011 44.25778875069521 42.7163956462565 45.43905172809369 47.06353507913206 45.06454751255538 44.4914025311879 44.47201796082001 44.474715681083126 45.11057891003322 44.59128613738959 43.612924620526016 44.86303554758733 44.15295540749407 44.872550437522456 45.4577197613867 42.705713297796116 45.31747546902382 45.00200361775566 45.09775820672008 45.32723507838772 45.08257196646459 43.44220551904523 44.89712329990178 45.59085507554316 45.96097253974988 45.06789650811597 44.60125713252367 44.09516601594275 44.803365612279926 43.39054873979166 44.256776430873515 45.20592395742576 44.729996137728655 43.699586392938954 42.83927826483992 44.49698647057438 46.9519012305733 44.69387455019339 42.19975278156517 43.70402011569637 44.17527560598681 44.36019133204839 43.915639916412324 44.379604635466016 45.32354813484195 45.17113409066921 43.86401942124469 45.81415427416919 44.11695248340098 45.70446552427671 45.00069493792268 46.05163159659045 44.907528939301955 45.552279800687124
IDT, 42.278706907993616 42.82202937106855 42.32628010125166 42.020733622006986 42.10718300986432 41.43008962312484 43.08546134531546 42.90190731076687 41.12122084656931 41.98768203864429 42.284559092692845 42.619921587106596 42.76017896369663 43.18290799895473 43.12099092569372 43.26919934166767 42.016528581620264 41.798859337249404 43.21199733672028 41.55142219043414 43.87593770020815 43.65897792474742 43.125197708725096 43.01120413936738 42.47075931358752 42.07450915336973 43.1218848105851 43.55639879522746 43.417501592379935 43.08891431872833 45.511321517959026 46.5760965465365 42.458555946319386 42.16308431352314 42.19411847144828 44.509154314893685 42.92899980797904 42.042588336007285 42.422843849343444 42.729990752757885 44.91122866486216 47.08432902128666 41.61463302927096 41.95548710767214 43.320341797382106 42.49350305478122 42.4376799910883 42.75790160596169 43.055350022490984 42.15303959911161 43.448927276014686 43.47505566035068 42.75943801410638 43.81912480240041 44.96774598127029 42.81527129897389 42.50376270994709 42.000872848198185
Roche, 40.274357436321694 40.127119873310214 39.76178412241161 39.64116663960473 39.304727755162645 39.0731997300626 40.2991992144521 40.78774896660103 39.81923050265204 40.058694939215464 40.20978789658117 39.81940940973998 40.284997483431574 40.22644527292165 39.736396534228724 39.68236199819672 39.57219427839842 40.37852194937795 40.37199773087147 38.938563588249366 40.55030166698495 40.40205909148706 39.9033940649739 40.657089085723044 40.109152192321545 39.35282325250957 40.52724534754935 40.39922469184049 40.53843696507391 39.77088594004798 40.25010574234562 40.05412448396256 40.64506996078825 39.314292079371405 40.72392880734671 40.54492381670645 40.260249152864326 39.68245402742974 39.20857098714397 40.20606364704007 41.07669794305002 39.91094718968212 39.092072050603434 39.47616647677618 39.785335554265885 39.96345432035674 39.817269892180896 39.721496230700716 39.72629530755227 40.14668604583242 39.177280421826765 40.33932307393876 39.783178207518034 39.63864665591352 39.7277419265047 40.96083113161635 39.98535273334344 40.2860645845871
Roche, 44.106113729890446 45.20639451536832 44.9819887414294 44.2878284945631 43.53642255356462 43.14937669059873 44.87336515753172 47.25984288701678 44.4027140530674 44.48912845573892 44.50824540732241 44.55146334452051 44.56079172291028 44.54805700768892 44.927522064836836 44.138017120603074 44.897291684125385 44.82765756459757 45.37211647809277 43.17007040886395 46.22692135451027 46.476183306242085 44.88380524795581 45.01194265625763 44.84746939275333 43.6074148816677 45.19548459027238 45.33935294263304 46.27380133995034 44.818467804218685 45.19527694154857 44.19380059395111 45.0681996445618 43.38129645892906 43.98555860791557 44.6492704520887 45.0241537419888 44.79045276743934 42.73147708872068 45.34947295979319 45.98977200373105 44.12289801022958 42.78692182766964 44.22203688383913 44.35530533660013 44.107581295749966 44.71952720033334 44.640048821093345 45.104062090077676 45.28695959731109 43.52484779583317 45.488687821966536 44.171326949183154 44.98502853827174 43.51872383587769 45.91350755881142 44.719465242968454 45.9393353378028
Roche, 43.776479550988306 43.7592284058162 43.270030958310095 43.49070791203045 42.444357999378354 41.97098076487535 44.12809814317069 45.102161329992505 42.93567255260013 42.86664755986702 44.7069473091386 43.105618607162924 45.175808314078346 44.670229150478185 44.92936038112789 43.45177935151763 43.29982000375267 42.63324895055935 44.35312512998306 42.10916064299064 44.11339700148513 44.497694575425754 44.067436761008935 44.8170387496365 43.792507876777265 42.688211701075154 44.560516851303305 43.26955922411297 45.67705442137746 43.62026445517773 43.70831034402404 42.90044120051524 44.22828566973703 42.37519773490615 43.93909883046431 44.29079763207949 44.18404730338342 43.25625073251928 42.216481702310155 45.07931630806078 46.09491019410383 44.26899427574715 42.13845548370384 43.46621717825332 43.00576709146836 42.94163969456058 44.44515157595229 43.381638163145354 43.587156105268484 43.360206314322205 42.36423006607117 44.72426736664417 42.89225751376461 43.12220691943823 43.05896922103354 45.189558468314594 43.96611626918458 43.83629978787745
Roche, 45.672620529083645 47.84837930760153 46.832491233563424 45.71720763091752 45.03718369995238 44.19167394125491 46.96723817617791 47.89934221614169 45.60805859611034 45.929042934682236 45.040428834123524 45.41160672191413 48.4689521777243 45.43815060428043 45.47007440086332 46.853362531389706 46.79678285503749 46.54728311628569 47.31448875277101 43.9280800889286 47.85814111516792 48.19686239426052 46.31463899728706 47.94102657072769 46.56870919684706 44.851255638368926 46.312227955801696 45.55308822551328 48.552841256571405 46.91221617422851 46.63476037362564 44.20081108493732 47.22552798060786 44.67510934364116 44.89181326934972 46.06532507979601 46.275105528304934 45.432926155121834 43.6729906485147 46.65753205593602 48.422948908250255 45.62844740824202 43.362957467631745 44.96910120572606 46.12060167612867 45.53332142930376 45.945976328295664 45.983103012602825 46.60486321809034 46.24616918523331 45.09975740291678 47.09757633404395 45.33300499854059 47.693262301414464 45.087916158663 47.23921669115555 46.10145639368356 47.552901529548926
Roche, 45.55624569560502 46.49972275336272 45.821786447747954 45.40936953350685 44.3965197548998 43.51983980242779 46.1166947903472 48.61971131993277 45.49533775182798 45.28822701484426 45.71840139879137 45.400558075206376 47.80221592228168 45.55215988278178 46.38443530785028 44.77206723915658 46.02917758191402 45.65341887562217 46.96491392390779 43.4327744767435 47.29527873657236 45.95131798624251 45.91176335468277 46.74582666071125 45.99311091943486 44.445882767012314 46.289007154620755 44.90749498801621 47.3282957643923 46.151384615051825 46.0518054863438 45.4768903917599 45.39335487330454 44.431313860025504 45.281270255306666 45.04934830398917 45.709003082445456 44.908870103396275 43.21678936265025 46.233892471379505 46.55504329795875 45.675135390233 42.820307202731186 43.99052627863954 44.8889436861229 44.211067279102345 45.148422423670105 45.107390982075145 46.082414746629226 45.88334198408022 44.42373232799327 46.82955580730144 45.02862311848134 46.29541323701798 46.52031895063119 46.857583581500954 45.822801554578895 48.50131043499553
Roche, 42.22978419793822 42.7461291748158 42.737376011314126 42.514017882085355 41.94138499052637 41.218004906957916 42.95374599938651 44.24868902443322 42.360612218021025 42.372672063350855 42.17242521473579 42.59403036843866 43.300010539417244 42.358951811455405 43.03677844501099 43.02566027975262 42.473348114669335 43.03117765435962 43.40499822671199 41.819793989428376 43.74722543927221 43.49267641166133 42.27740363962057 43.61930820186432 42.779020258870794 41.63657668005783 43.10127598846244 42.482764644317896 44.065801743417694 42.683441315003215 43.1064021280356 42.09228112748047 43.07382324187798 41.732771843605846 41.70949298160537 42.798959690277215 42.85367306966035 41.66643788951282 41.10850461941802 43.04351943770067 43.3560491741058 42.82715125667352 41.134640747594496 42.11831153342261 42.83731387229308 42.680965763852555 42.189623512275645 42.0860257873578 42.96384772453357 42.57213980997793 41.483660244242444 43.266526502489654 42.12075388338112 42.68913754269945 41.7783049874925 43.21543063312384 42.56344462813642 42.603636362607595
Roche, 45.810587259621975 46.166265048234706 46.0127357169525 45.67019818365905 45.60964601901423 43.24887922838765 47.53574518640776 48.63294315986703 45.610566316912 46.55126366614376 44.821137019386526 46.10395298288748 47.52819850828445 45.47832639005101 46.77054736480363 48.727525743494425 47.01456831634384 46.94470722214993 47.352774221262734 43.32325802664658 46.692006853061436 45.64775855417357 46.42847548835844 48.85686527514525 46.358233071397834 43.94344152033329 46.36979489850836 46.65015358653777 48.03911938717851 47.28231497363129 46.38592592874577 45.06232866738403 45.977613628596295 44.24774109547242 44.977609783253804 45.32748809801689 46.01011994291561 43.477518060624696 43.63320636519934 46.9352517884292 47.44099387414664 46.34114410593602 42.37694329303197 45.41694178676035 45.55041413695214 46.41383055391815 45.21056329622335 45.8824367061871 46.07188867694472 47.43197076275713 45.716875426476115 47.413920109737866 45.44584642244232 47.214047197684486 48.30574788128692 47.14126372391461 45.712630599144674 47.890424603193914
Roche, 42.875330297846794 44.85932901090005 43.43415091677022 42.99177145319788 44.78778905736229 42.20935038662765 45.0003595729154 45.955639512506046 42.88439720867433 42.81349575023491 45.091995103617116 47.131828836258954 45.82765665847245 44.47673332620849 41.75254915366785 44.086341792735126 44.4182074127233 42.72141819173734 43.77033178054289 41.4573044281199 44.10702977761025 43.81425188338232 43.33643766757706 46.06905072711161 43.55548563219567 43.7466551335822 42.76918982405805 45.101979805836436 44.07583752216961 43.714312032875156 48.46680393880197 47.20517239237896 42.32837607156878 43.64184591284846 42.445018433179726 44.272877725856695 44.671418821933884 48.3994575045208 43.38677951054636 45.07816136313296 45.50455252238521 47.34817614447365 44.75820874451175 43.38543902332789 43.06311307982392 46.80293258407872 43.55822391174317 43.3072408706796 42.25434006327886 43.012553003435784 45.0969399707203 45.836366829179084 44.17519483786916 45.60248149917961 47.06479549150329 43.04399726526849 43.82337912671275 44.74885859695929
Roche, 43.436238758526386 43.79875161605475 43.6734388473113 43.98653324533736 42.44831385595225 42.53305992363634 44.47521141187555 46.71541256645805 44.119945976888175 43.03866927708887 44.28188385562866 44.168809439447514 45.8169461554577 43.68929454466755 43.52708135608807 43.2499840187646 44.972776683826915 44.19131874933048 44.377390157799 42.60497882303673 44.118414498304 44.3579452049244 43.927449622677486 44.16818829843876 43.864587944578524 43.22708663733085 44.889411920720185 43.77612969377376 45.600040819416456 44.06033266199334 43.508273758738085 44.81677267285505 45.09016745735569 42.898610552228824 44.00327609680497 43.65718751730213 44.49066577361756 42.6217113590216 42.57671746498537 44.82426667956073 46.19988223769294 43.960851624356565 42.788825765952915 43.30813862144432 44.2547591652728 43.92074909052311 44.15654011593988 43.85000839004865 43.374568307519255 43.71195538826129 43.862501852812265 45.21857863302167 43.47822429132316 44.64927463809897 43.21688998996332 45.124642295985716 44.09326693945311 44.01988073087463
Roche, 38.937939559882864 39.8766415228791 39.116475907983265 39.088160041412635 38.645136291722494 38.33972210283486 39.36893151246673 40.090740962768436 39.38897710893999 39.343165906416324 39.318174444035506 39.17131268197825 39.43546705686449 39.02244810768168 39.30793200772036 40.55977857414054 39.22708621223594 39.08210303439465 39.402438088144955 38.36974198638055 39.758688431482156 39.24520801186424 39.229852489540555 39.51338241120943 39.472395233065654 38.700582525912274 39.44267975085455 39.223945620947646 39.749015432360025 39.24458497487209 39.55864934918895 38.98899923035839 39.54374951136793 38.74376970512662 39.02674662422653 39.35506358403421 39.30797433268733 38.84821418549197 38.34626779178043 39.6141532726431 39.89575182523187 39.23319315015097 38.282660257657774 38.70940788823184 39.010917390374935 39.42294783442966 38.7341041170109 38.92196496796428 38.80843331830024 39.11465657176881 38.76342051302623 39.38743674318333 39.12302136592431 39.517678046166246 38.945935198812336 40.0359531547799 39.268976323586024 39.84918106896671
Roche, 46.01305399656809 45.57614806580596 45.246148253316576 44.32465999952632 44.920139237601106 42.37703277401896 46.36843661772844 47.708596045891866 45.33948384740193 44.914547696830105 44.408336251830505 44.31715517016881 48.33842264075742 44.76115870394793 44.98325759843563 47.265355133894985 46.22116964248798 45.62856396408455 46.336317763885766 42.50464882479333 45.263070008240106 45.32268405848491 45.92395294272933 47.06837336914409 45.68541585784997 42.93087826184179 45.484930642546175 45.04818431577306 47.30546707272485 46.074058758919485 44.62206726081646 44.13534123926947 45.31941552427749 43.04201277700929 44.01061395772962 45.24092255319925 44.90183694280897 43.26430486349982 42.37367705629418 45.61017451817995 47.876452083588724 45.38274178368796 41.805179469868015 43.774689575410925 44.51225786902112 43.917134012049765 44.516991732545335 44.54552388587177 45.43329195636592 45.94463333322257 44.63675726532118 45.409305381759694 44.2813325344173 46.316589737460916 45.44196670886483 46.23215798929814 44.70677803400296 47.804032241716556
Roche, 45.253025871920336 46.44083117419643 45.44063394533027 45.37572507183481 44.073167573214526 44.389150222868885 46.10444463998537 46.85565359552466 44.915497443251574 44.99131660479193 45.73588007566292 45.89721887496435 45.88388798094767 45.08697698550629 45.84113979118466 45.650425417577296 45.421849585819714 45.52508079198736 46.24594916449851 44.20126578328991 47.34615284440119 46.272741022459016 45.12755256207249 46.399180038396985 45.55067775617828 45.04989889290133 46.13902540591734 45.70175283682278 47.071456645491374 45.289549035210314 46.0370179837068 45.247392787782616 46.78895612367235 44.522855754629724 45.12490165336212 45.583004185641016 45.877552172225116 45.3086966771205 44.259548988420946 46.33922648994454 47.51782152823122 45.32168246948986 44.0006485968829 44.79133192925664 45.353087283721116 45.56074570012331 44.96334083489604 45.40500471741696 45.437399131033274 45.732385187286845 43.859276634972254 46.523736705285515 45.61009985652154 45.52864923336524 45.51456639871923 46.39083294345285 45.222292188420724 46.08284482778609
Roche, 44.642321525001 45.014443843716805 44.838898413549316 43.992280490779336 44.18337185246676 41.9800636218915 45.60972987789431 47.2753961085336 44.04683988766612 44.18386888399189 43.857832117269766 44.37333174237906 46.8819859427382 44.227818708610194 44.65525909617088 45.03998496273651 45.33647482433383 44.6936553229512 45.829951452864535 42.19727792423611 45.06661079310667 45.04028504623215 45.42522967328888 46.26351455946243 44.82084092964669 42.44620331112683 44.767826259517896 43.72994320082299 46.446544388008064 45.613472238417316 44.462716410668044 43.660758244441055 44.83064024422385 42.59789631896683 43.026415543440514 44.265272080932675 44.55783975089001 42.68490916749795 41.80058044091881 45.196664866346474 47.37625482267238 44.587835301094984 41.40239489789998 43.07263267796452 43.59571982464606 43.470235072527736 44.16550248736535 43.52475551951628 45.07585921857198 45.71684023020499 44.45014135728051 45.49525639346279 43.567488280248824 45.706951336372605 45.63433593606289 45.573579028917145 43.899582261254885 47.35230783021723
Roche, 42.56189233873746 43.21914874301711 42.5393983143173 42.12652183951836 41.91295754126279 40.81479259840467 42.95467135267686 44.28586339216823 41.89440750039375 42.118853101530824 42.321157059704085 42.15751966836704 43.28036949056142 41.82974802400559 42.503682191493276 42.97300421987123 42.19453290266739 41.51286337242591 43.26364626476337 40.65711262901852 43.22505479717631 43.10614076827868 42.722272463389295 43.62587217347765 42.78387530200378 41.091146045135964 43.19801523212377 42.08177107150312 44.02661936249324 42.4761498161993 43.32212090537209 42.1030530740129 42.41451846181041 41.505281573213 41.842813345430876 41.74189945724392 42.44228183542036 42.157094147378125 40.806017532517096 42.649483017551994 43.70680570403302 42.39378930925609 40.24267094633484 41.14484585626012 41.90923355902455 41.78510615117855 41.82692781810408 41.85323881770139 42.726165029913226 42.6273968211219 41.39924211130169 42.94438720347441 41.49151117563678 42.77152953701178 42.57897102578658 43.40564267422477 42.11367390066098 43.28021210039665
Roche, 43.633949508186525 44.22343297572616 42.589737614403916 42.766600272367185 42.09581841202263 41.796713807445855 43.152220007547726 44.376975627997865 42.77307268303674 42.21574099155919 44.509938036756324 43.31387127729293 44.38611904197306 43.732027422521135 43.765069637895564 42.70227901386035 42.525635715314515 42.79232312150308 43.92517767570973 41.649818334063134 44.60911116768219 44.34010193404138 43.382353035147354 44.695143699827675 43.02181338907059 42.375380194796364 43.08280081318921 43.334767695956025 45.06699389632936 43.25911910491408 43.033232162158676 42.82058782309983 43.33991886357361 41.95275966854157 43.48856248102587 43.57124272395495 43.73427170846705 43.34038362226686 41.92765795188039 44.050206710707236 45.70375843083792 43.718609835947014 41.488748560439916 42.562726525368454 42.68989252809139 43.620852507121164 43.38608037577735 42.77109783525426 44.31770138821946 42.7789186920667 42.083949134264785 43.92829992121228 43.17375750825407 43.38633466605365 44.50095772891297 44.04998648087954 43.146137796146945 44.52646862190386
Roche, 44.74668162843826 48.05426024363234 44.9902258062755 43.16654907147546 43.73786554892205 42.3376381446393 44.89852246817237 48.030625951684776 45.89025360943966 43.50806897813055 44.90872549019608 46.06967347897581 44.732879610162044 42.99992708901612 41.54844704712755 47.480512059047236 44.14888205030161 45.660036251342646 45.247839575134634 43.75003836533002 40.158593563053365 45.97154150586471 46.100287779600045 47.64318388465827 43.80114055690772 42.84554562686163 47.29151696606787 41.61313866313866 43.50651622146467 45.174577097425136 44.92905152998611 48.29663536776213 47.814878608923884 43.293693887908155 44.36450872359963 44.44239043023724 43.81662759688959 36.5586917562724 42.20032483758121 45.96166534553801 45.73479225242112 48.82163895790929 44.031461932181706 42.69859460018149 42.00790903865984 43.20968113124663 46.99897986715707 45.450224938460224 44.57934201976885 44.137211938260684 43.66401539152 47.70778583718578 49.51629987298581 43.89098430270017 46.590913682980904 45.76261441898696 44.727487303625345 51.52210627832097
Roche, 43.979941541673504 44.51120094752241 43.77996069680421 43.77779209808795 42.52906920068853 42.73458441946885 44.42070271740768 46.14753882202542 44.07420888823305 43.727266174935544 45.319169941470484 44.636708034068356 46.085767053803565 44.90086238324727 44.076685944478136 45.56962590820769 43.502772539211506 44.02900001857708 44.690743949830996 42.86259101880812 45.10555614788778 44.5988256593843 43.88282886747303 45.55598498551843 43.79446953382745 43.70783419398807 44.685405975596595 46.23789873570424 45.00887196153126 44.37164257301484 45.294494053094134 45.1365593236234 44.88677029699411 43.19477838422668 44.66919195787747 45.58972751474273 44.77390628418338 44.61031861904457 42.2859358171672 45.407924316588606 46.221310937492845 44.061621468359505 42.8658198603026 44.08147655650658 43.10488633484593 44.497028826681024 44.95143398106296 44.78866688848354 44.53120466675709 44.02524436350384 42.93748942661686 44.900330446380735 43.97169618832016 43.55560625732294 42.86806962266675 44.495599156727486 44.51790862815793 44.696731754417904
Roche, 40.917011212456316 41.217737040823145 40.345694415446474 40.24085326184338 40.05614664806767 39.79677577798319 40.84714313043096 41.59545349105271 40.903179707570956 40.440358032914055 41.05699242819211 41.08346514570924 40.74677524312823 40.99407922026035 40.67572844277712 40.367934641548864 40.26250452980619 40.50243078575793 41.20372434075858 39.916041219497934 42.02686001002592 41.404429027330195 40.520535872371696 41.22889458606003 40.678586291232385 40.38479749952174 41.11181985514086 40.582725789600005 41.306779094060566 40.57150119555879 40.990136247883676 40.12557063171821 41.80668541340094 40.050591529109845 40.78153743203823 41.62580044416704 41.096569452834494 40.305953638813406 39.719700444349265 41.25808147274227 41.21214226837455 40.51355251118365 39.87495729087946 40.27723903878803 40.52519547607324 40.8898218479152 40.602012847144714 40.552534668555644 40.94476462866982 40.39947818010687 39.86684094952465 41.31131081332638 40.49365410122937 40.77265549829833 40.9154217115101 41.34093873381955 40.885897628037405 41.534701922356625
Roche, 43.73635404875484 44.103509855307706 43.53667741748503 43.10574972488363 43.053638017785794 41.64884433464299 44.54216365173156 45.34781507657942 43.10170195614775 43.41768353074711 43.31845781063126 43.61554799954842 44.996370670368 43.38495123266729 43.127259901657204 45.72944576654851 43.41356938883012 43.93232411245443 44.64459412607456 41.64164639816281 44.735606000027154 44.232831656765114 43.67057761810971 45.20304383242188 43.97658155755211 42.27813358741677 43.83637897221054 43.992786252251044 45.08664453671509 43.980643667977965 43.87069455007435 42.3269552885318 43.636472187075384 42.437759405075006 43.33990180579778 43.11004455076185 43.484095670265916 44.138561020351595 41.49238840512695 43.899517001955914 45.28167189798434 43.870247050384044 41.35846428138049 42.675813266641704 43.00442572645397 43.07818117594337 43.04843860472958 42.71683185499296 43.75724220972595 43.73900831085927 43.18514943104263 44.344950294121766 43.57603355847626 44.841749004498645 43.040242036647776 45.04986743213372 43.455213562166485 44.37083770415201
Roche, 40.66050316217827 41.646097640096535 40.83076986449485 40.63622940851056 40.51351361968102 39.9529248973124 41.534673447713104 41.98378711590656 40.860395800586645 40.985182637156846 41.24455639217144 40.83835847690458 41.096352652958544 41.385756889797456 40.93965444319344 41.119221744550174 41.33759936573722 40.682774833154404 41.60527547403351 40.175074391221266 43.1681528577989 42.158758006274574 41.05317756791543 41.34181306314508 41.097658490496286 40.55059016887189 41.61128965092244 41.26068781659563 42.35924689958724 41.12208952777606 41.56686645909731 40.846405066411556 41.87560851775744 40.24876356865601 41.32774643899914 41.95037417186261 41.1831903121746 40.8208543153584 39.88582412993063 41.59289677479935 42.07707859790964 42.03340529293131 40.0274200834595 40.56936473744737 40.8313844631324 41.05592638136783 40.74584965143615 40.92712893829508 41.16363601490353 40.95963454919907 40.67384656029956 41.84088743056467 41.09147161021338 41.22817893574178 40.930102605329125 41.72365155977421 41.068881264242975 40.90219836900669
Roche, 42.57288373525266 41.390722520373686 43.7508673302767 42.99799974090155 42.51830954926446 41.99536871247337 44.305371230417094 45.05127356574986 43.395863181322596 42.48440871630798 40.01747017287558 42.24385126031088 43.878207640095816 40.61564450528233 47.76375590580634 44.38515758293452 43.86601075806811 44.35523972715123 43.30200715877178 43.016984484058725 45.98667030248663 44.935516565314195 43.95318656346229 45.42194261762676 43.14230351673046 41.57159002409002 44.94340218756928 42.67847769028871 43.68753335706821 43.59689476921934 44.200279352133066 48.861554512258735 46.60277440259214 41.62942999585946 42.978191344246035 45.18885466575404 43.374281422520696 36.398069498069496 41.38504007001997 43.943546019656125 44.829832468360195 50.37819858712716 44.761387950450455 43.55892621857299 43.3767457359704 40.12810865128216 42.713297485830545 44.32212271901988 42.50156301378872 42.51116658215186 42.20699986700766 44.16990136973789 44.009639117243715 46.48623025623026 46.26421433663354 43.31313087348971 43.734701119097274 43.7146618794292
Roche, 45.258542190249486 46.30944077014761 45.841842806062 45.01551636853819 45.21873220919857 42.635766339717065 47.36006047317083 48.06393290274588 45.609301697688736 45.39184712734396 44.29709079000325 44.465869563365516 48.67382358059245 45.49514984985837 45.33861935940127 47.12687149109703 46.14312252305876 46.291196975505976 47.912882116224594 43.04324739921199 46.43967828218639 45.965434574537575 46.30248442075596 46.72293948456763 45.70743246888134 43.07183979694887 45.9171578751738 45.813198110282165 47.67973906062154 46.78225131972888 45.66826056572872 44.839649410697284 45.473700705827554 43.552599415456825 44.35348159713064 44.44017734567346 45.33253036315424 44.2397355238153 42.813362682910515 45.91777670673739 48.52452254462135 45.45403418473031 41.993735411233615 44.03102894349503 44.79529645215911 43.59816079663839 45.19540826930028 44.97739561955711 46.74114971028558 47.24974732241088 45.468708498700046 46.10532727549049 44.035574259927856 47.11902820975064 47.37977823018486 46.93109318470032 45.163411841579695 48.159394983396204
Roche, 45.09410592334335 43.76488614448895 42.72167645457634 41.84187858592412 41.20543421489178 41.29475942950808 44.069265788891194 46.849464233573855 43.72130160002452 41.834803998924436 43.04831204379562 45.69187426081544 43.63603325479695 42.53621553440055 41.83541176528982 43.654033627514295 42.9984279391967 42.020492861176095 44.31960272503197 39.98468255037936 42.39872366712736 41.51065016103059 43.9879685340712 42.40311425725779 43.74714136318207 41.54326718933358 43.40100431798905 41.19506172839506 43.671469179551686 43.03255458514136 45.939608151704924 50.91324179645777 43.2387487999833 42.53395281422098 45.91121729495605 43.02102469135802 42.54785435682482 43.06650453955901 41.78286302175191 43.59402320447639 44.14268280413699 48.75201247346826 43.39448832906348 42.19609420791815 41.654960041210046 43.68021534680999 46.050980759035774 41.68137021479035 44.05749424992319 43.98725792896713 42.670009925914925 44.696109826384735 42.700298090466575 43.881918794400384 47.4883063937903 43.64723198541885 41.71573111126483 43.12526106440221
Roche, 40.42778457824094 40.2318329286023 40.00594430690279 39.848372114863565 39.538351654093795 39.15249014320814 40.349483351555286 40.68106607776149 40.09568149624789 40.02439421760261 40.50919063909232 39.89090185974114 40.11235177112249 40.23626751102414 40.210385791161535 40.04499985390206 39.79128635221455 40.07357844318464 40.34896373827232 39.15056540649354 40.96085617175325 40.68096290396395 40.455565076689616 40.06433619474112 40.326024210973046 39.600335505626305 41.070003093029115 40.753507504108754 40.31963197936674 40.07019727986176 40.61593882991403 39.670542256426735 40.514269365678 39.430323063588176 40.0987723813283 40.735668842125314 40.3964322790232 39.47710441948108 39.36603800505426 40.54527361286718 41.2443120702211 40.61900147359491 39.29977149685593 39.84142942691769 39.95840237277665 40.32953709679168 39.864267439443644 40.629077851619456 40.8661222833185 40.07411334771004 39.58397666374091 40.97330392121584 40.08262189220981 39.962746371003554 39.82908152924058 41.154511048298815 40.13995009012681 40.98817590094625
Twist, 43.302593323856954 43.74317961516829 43.533122806908985 43.72387905471486 43.7758379951232 42.62137398553929 44.05648617862824 44.49273157512733 43.25893366967986 42.77298907756706 44.167014946086724 44.23576809792262 45.235812029679785 44.15353896834762 44.06697741253354 43.657212046033955 43.353846890187306 43.23954399514187 44.07860695021871 42.541759028655655 45.74595865389671 45.600675531862414 44.6498533154623 44.157243415896886 43.79614766623129 43.41805747113978 44.254141434924264 44.301404366758106 44.624103695477665 44.33750690784238 46.93177920061553 48.24122853187427 44.42403737653641 43.59004685247731 44.65326360127903 45.70774233373838 44.49441995420644 42.59104956013554 43.17941538359099 44.924336977833185 45.68750581673362 48.33677325980733 43.189106917008715 43.79899835365947 44.898107163117544 44.73817045640808 44.56883492856781 44.05946134135634 43.93602738990807 43.89493855726639 45.42671981971043 44.59100855013688 43.990898109189814 45.08084142827891 45.93662284450545 45.15700749398164 43.89234319322627 43.66953229869624
Twist, 49.202483396787564 50.505483245561486 50.19987306678995 49.388337763426605 48.18945029583232 47.60215143276085 50.21867937397565 51.4862778765092 49.488239044364875 49.9505567883941 49.80588164886864 49.17465054562471 51.028053229917944 48.966151012495196 49.15437477994534 49.629668474387515 50.29087837649816 49.81958187458882 51.15989019318417 47.222426252529644 51.35015757920087 50.35173186974203 49.733012007817784 50.15677328707816 50.70189577139588 48.26496204986337 50.096861333815646 49.9949617100508 50.13920804113637 50.09684277109266 49.41622126232157 49.280030814813564 49.62100849165236 48.543104711211626 48.833706772168824 49.231060932769694 49.604627083741335 47.96760821534936 47.52582112432691 50.24685805766933 50.96119209218954 49.50326704041675 46.77310574008789 48.51115974886444 49.30146999581898 49.67379980557826 48.82465196158254 49.55616197928507 49.39471237922353 50.70163432961806 48.16062123421357 50.20819623660277 49.272273742966284 49.22633739289476 47.77577481013109 50.82957606641936 49.839817562401635 49.461325937750864
Twist, 47.37041784725038 48.41168089333285 48.18975933414079 47.44573016002884 47.85040309007473 45.93160292694649 48.4917335228614 48.967806487900496 47.3119324119626 47.725491942461595 47.27804868913235 47.575654276594 47.436547737928414 48.272235597047576 47.952598132948715 48.3886227362181 47.35942883736458 47.66260601194847 48.87761372114594 45.53400031893242 50.151782995849324 47.69290799083875 48.1283221944367 48.47000866875424 48.727939463712175 46.58027930306839 48.56503293943307 48.65420901696909 49.33817992929247 48.27159497218215 48.17180477909543 47.74722106407226 48.71803506021759 46.65311477782003 46.786786778066315 47.8636500274264 48.138988441527275 46.655942191182426 45.84633700920918 48.20777935725815 49.310827469336566 48.633303929754476 45.029218874965885 46.820973755826856 47.88670858255399 47.251795030093334 47.61844701598896 47.83399564964926 48.25608625046406 48.529038255223846 46.46318439378254 48.14097706577985 47.34869410322419 47.87699846013848 48.34896619650156 49.25703653459148 47.61378820739856 48.943610312000786
Twist, 46.97878111603542 47.849732379282514 47.864560337648456 47.07011926053029 48.00071922678626 44.70154017364135 48.77500943070965 49.20775682112099 48.615366652164404 47.531647542257346 47.003192073225584 45.85955524090321 49.563252803128144 47.306475760942256 46.50036171417613 48.68775799085924 47.53269460576419 47.23304915965348 49.21508567851277 43.995677415347615 47.59020683530714 46.89531692143823 48.468940503967545 48.829227565254406 47.711984053332166 45.03028213420327 46.851428057631715 47.40234889117019 49.47776517156026 48.6433466590236 46.61378504999038 45.90483176962374 47.270779356289644 45.348691189819576 45.68511992667584 46.03473727020064 46.903507821670026 46.270616802887766 44.47868714247567 47.728001332920876 50.06359272704939 47.546198588515146 43.50472102697024 45.77023099829032 46.89320779333104 45.60901984047423 46.71915523755134 47.35448342714082 48.40601780210072 49.226040384749915 47.265385218032804 47.12061280851742 45.86612214603411 48.3904492079285 47.87524416260306 47.95671052500382 46.877998021587864 49.95705283481671
Twist, 48.13945225091533 48.89110464468749 48.78104518657902 47.51986133715615 47.010003736298145 45.75098844307644 48.57627690356223 50.48087739526635 47.66857860127091 48.02373404895428 47.48852228998866 47.61117261261357 48.83852905525719 47.796433188712335 47.540160529107524 48.61120806323329 46.99429941322324 47.56280180272693 48.748641907032116 45.767319360506065 49.08829180794223 48.54805229543352 48.343690793033325 48.178848831732196 48.93732035507083 46.44147910278457 48.20817484956254 47.77347816177618 48.83845042004059 48.34463930811354 47.723399355048734 46.4079987936866 47.879000124533455 46.759729808359936 47.50975525038475 47.46130518786821 47.7802227994305 46.9044054423616 45.69028543008603 48.65267180494652 48.49554641043975 48.40859895891051 45.21952816958237 46.75537852622951 47.52533371923062 47.304694419085266 47.20229405713036 47.49378932532402 48.71763629751611 48.82448071986666 46.9549559326802 48.56660487430718 47.19971559521655 48.5458264387183 46.81201775815041 48.54859103735309 48.155604812732655 49.212397463046756
Twist, 45.00155414747916 47.069088946318764 46.38410783323744 45.746882912913655 46.02750147824766 43.650189054182626 48.06605324070551 48.66508730376594 46.37088766701576 46.78538188427275 45.4855339677281 45.28478902388017 48.09265988211725 45.639284480742376 45.50825763133072 46.69402345295682 46.362935989013934 45.30103992277233 47.51579371026674 43.76837540161169 46.94624441067941 45.60109400675032 47.41340155461005 46.99464295141354 46.620363483573776 43.81890984547637 46.47150147787792 47.46553446810395 48.07686285788561 47.37440343251915 45.41353382498728 46.59653047597398 45.83399204004086 44.43733370670547 45.44896297641484 45.2091930371438 45.90912248158081 44.66018082208992 43.940464049342324 46.444441763206505 47.87103395188451 46.67755497841207 42.661119618550245 44.707638823148834 45.91512133085864 45.32124090309902 45.014219493624964 46.27232133917806 47.07166183834873 47.48892762328285 45.81779078607355 46.28735331306037 45.251145008976145 46.659030696231106 47.12784555143348 46.700166124679235 45.782098804815966 47.98029843031152
Twist, 42.645977943544246 43.216711740742824 42.59499268043186 42.477821136885694 43.32094456673224 41.425128004287075 43.515596999981156 43.39427724746069 42.33853552643971 42.01212921927989 42.77432955098369 43.04662922558171 45.03878170800006 42.67301905139418 42.79136652888664 43.77284482038198 42.770145190359294 42.63147667349315 43.077785876978 41.72636277285338 43.24408677381327 44.2034175025046 44.080957633339175 44.275717009416596 42.93138462138465 42.54321742367257 43.14774415234094 43.14749711579408 43.5322017197543 43.24532667951081 46.35144605093138 48.98249557971329 43.64347617022335 42.365748796286134 43.283629952573584 44.01144135735725 43.209536680894146 42.50585396257973 42.765092480704936 43.92593875400361 42.98277547643394 48.00379183457914 41.90130162294272 42.639248245833905 43.17260717034998 43.76012034342375 43.428777039833236 43.179056723679665 43.23890029337119 43.12597819609774 44.37104844832941 43.65385462389012 42.77701795833372 44.70841575375105 45.453614984727565 43.529819056402076 42.72111896908772 43.891420095677375
Twist, 44.723705358981896 45.78437241750658 44.38048791656543 44.151300546787276 43.828594100968715 43.379636221235394 44.577218224220736 45.39083678942322 44.79801413078646 43.499284834625584 45.321747850361696 45.16132978679984 44.741130788211464 45.18054627142297 45.36282376787184 44.90037235463924 44.0463098101674 43.92140601859825 44.76269032717239 43.38979979401421 44.71786538575673 44.48955321195464 43.89039741461313 45.41153824223767 44.56837038947441 43.82065655112615 44.98747267235118 45.18339901038396 45.86746659704484 44.70209502532449 44.663412394406556 44.52056939348308 45.106409902720024 43.85927800966372 44.49767590948627 45.00826443066912 44.84298875798042 43.61619452065768 42.940585516930604 45.385568951629416 46.49376642890626 45.91726299819471 43.60654342386549 44.33461474111596 45.17888040720581 45.38650697998696 45.19816674490492 44.30841718385218 44.592839229767314 44.63072760410643 43.80411194200965 45.43281805219865 44.992693767534405 44.040692886456156 44.325082713715254 44.671856032697775 44.65381338146246 44.80924100154042
Twist, 43.81866183117315 45.08934294062607 44.43813341786361 44.18943565578565 43.2320720539529 43.47926703445638 44.2370975651406 45.17212563132814 44.85697439050634 43.626190368247364 45.861077636954086 45.30212762272475 45.79368639871393 44.902440291627016 45.52718827307357 45.046015710498 44.04095950583258 43.61535491537278 44.883303370540105 43.39335533893386 45.510185610585026 44.53477226609052 44.27748412804271 45.72134147574838 44.73126655934944 43.91933909434378 44.584054295059175 44.45880109474007 45.50621532364102 44.917790061608045 44.14463270264657 44.23462846615967 45.17245084956455 43.77704127827649 44.66851595859584 44.93586397006936 44.82613103233517 43.91482524514358 43.41861848077715 45.49097453474464 45.24148491882014 44.43502982276994 43.464468888516826 44.4626826337442 44.556115347713074 45.61264564079285 44.453457190106526 44.415821769283525 44.53060679905793 44.630976283908836 43.26594806389883 44.93169913107861 44.44072557622098 45.89970726660599 43.80952880125902 45.29298673802568 44.61801762528543 45.10490840371232
Twist, 43.42796588805314 44.563371213003265 43.28900404760069 43.43854656560865 43.36824277092379 42.674235161885576 43.35758696295499 44.59250201480476 43.507720250287456 43.11517200628067 44.733072884792286 43.946526439662314 45.49303159818549 43.65781328632878 44.149164560840575 43.23956644108977 43.532499969715566 43.209687990903 43.56605794575742 42.95147419509225 43.551823852033756 44.19411183213047 43.531842710597175 43.991739894347006 43.780564463883735 43.124717186724745 43.897194192153705 43.61116204567214 44.0792092719 43.54169004204989 43.92205550824729 42.48769343651479 44.32429959702315 42.75598657692566 43.96439628456069 43.63122742287795 43.991979173119496 43.042973184314555 42.504809925419636 44.32584700035311 44.24821602941865 43.93894733072407 42.35252124008864 43.318121998192 42.69258991854795 44.02337188342579 43.50012625143392 43.790838565460845 44.109070453076825 43.27549486256177 42.779955574670225 44.400249335041465 43.46420905376476 42.91536371089183 44.11382006713721 44.48542600266715 43.42750696086175 44.19004568484338
Twist, 47.099864633245396 47.326939065722065 47.61732915622558 46.746745057906836 47.24875768616797 44.44572664685232 48.35713744333809 49.582629198783245 48.0652979502652 47.21680015436577 46.59393604068425 46.50817196351994 49.27415219031285 47.29983569995985 46.86193116336037 48.7049648645273 48.57272401283202 47.37357603048187 48.70439944953049 44.273152602370295 47.74451561806389 47.10706686603329 48.44949839292749 48.807414320923094 47.68473039609083 44.54578691604925 46.11517031917915 47.48531128670386 49.39393991811606 48.338380334979654 46.48114351289449 46.92071942053144 47.02532254159794 45.13740059252229 45.80810687855265 45.93847151693682 46.53871692000131 45.856829273561104 44.64146129252692 47.420197226189124 48.943901226434214 47.34172935643542 43.49868364422124 45.50155749591754 47.054120002920406 46.608338763000155 46.9498090957089 47.06969376669379 47.472529706878916 48.69419976162233 46.85187704313414 47.02787257874731 46.038855035725575 48.00850974836257 47.374948491677486 48.227134438894446 46.64837001410786 48.11975045505019
Twist, 45.05411898609865 45.72831522596303 45.4471009995304 44.325607599005814 44.85371763799583 42.646755748127234 46.13429389845008 46.11629394065172 45.24069778088561 44.653772089160746 44.08785014404664 43.773980180574824 47.033563121708575 45.248698283123794 44.16987851337849 45.37565612211351 44.665838434653075 44.12391998834453 46.165436472738534 42.56116327827111 44.685006346230665 44.3117210271477 46.32057450317468 46.0743337228986 45.319380766257254 42.92783849326771 45.01814376421614 45.46551169372028 46.728281716526254 45.863416376997215 44.15831634989761 45.045137608115574 44.74981209060734 42.97098136022515 43.91053572212771 43.91892250010845 44.57180974107312 44.68389461568658 42.53321540166588 45.0664520962908 46.30467528325346 44.876003571348264 41.7504093443256 43.8282227138161 45.26946023812383 44.454695600164335 44.52163995169638 44.520282697694874 45.10662336083319 46.29000185434428 44.91817803306214 44.92289891036528 44.53611890897926 45.68275223887661 45.40242643491145 45.53294793342344 44.70754667576501 45.3023077287482
Twist, 42.51468691293089 43.21495420283228 42.845513768284526 42.257324732666326 42.62299586951916 41.57710921885697 43.38017998871822 43.78139931841596 42.354314400200096 42.46992431793235 42.8218030747415 43.54106956389865 44.079532667047076 42.903489756462754 43.17906559193873 42.90061816096429 42.22500194533803 42.47926703548225 42.9077277594172 41.59334164833936 44.41955222403081 43.94951434927153 44.164008247790555 43.823079500312446 43.08014319843269 42.29133434783797 43.490718027010374 43.333910196176994 43.62623469273739 43.622211871003955 45.44421631778898 49.97303428352471 43.59034030399612 42.38065958960269 42.56370079275651 45.3000334632119 43.306548778274724 42.142616369450465 42.46585408431569 43.92723096206217 43.387883885736414 45.94710942408887 42.171515885849146 42.40710128113947 42.82554557245802 43.93098007691583 43.37882511154419 42.94964581120579 43.24310674166213 43.16222810687236 44.536928350299874 43.579999143708804 42.87617259309882 44.587932272176594 44.77501305551941 43.28889798473396 43.24388374921965 42.542903827224485
Twist, 44.759790835927916 46.16805134209251 45.13041396261374 45.21955430993966 44.53841339563526 43.99555479757405 45.334210723814664 46.5167196147131 45.98065263860442 44.443339634013064 45.713473775785175 45.172983970465296 47.199103609428825 46.92862660990072 45.379220582653474 45.928265836582206 44.43726276081527 44.47904969244211 45.56361336240625 44.022485046526796 44.63181183380577 45.50822937654067 45.1991203038876 45.53739752978686 45.285969786347316 44.51028119724547 46.20287734944278 46.56790302243891 46.00573038158094 45.29776205236783 45.26625168013075 45.577136452431326 45.69204384681736 44.2461215054519 45.35087598358643 46.22619072055439 45.67667998923177 44.722066407948624 44.09159632261456 46.26070147938044 46.40067449334235 46.04409346039729 43.9418778522319 45.04714497882595 44.71854381292439 46.2468840924307 46.042348329028705 44.77133476137608 45.339592186520306 45.32154237400734 44.484838319905684 46.01023619499918 45.3871684320845 46.073096042257404 45.232105743602695 45.73187526867589 45.0548015861839 45.49254754647745
Twist, 42.62355949286292 43.73574364125954 42.96904617583832 42.62619134749205 43.082332159892644 41.89556199684918 43.41757330524481 44.79171082125983 42.97314973152568 42.15133855064078 42.50855199696882 43.83727090435804 44.97044310429585 43.56955495187248 43.61400310387066 43.419292111119695 43.30929816450222 42.83523952874367 43.4471507973742 42.168348846658894 45.06198558701876 44.674369431004955 44.25160703206851 44.298000705708475 43.12440131288483 42.49660561138885 43.604885382781326 43.1487812083598 44.299057179625756 43.46153507274145 47.296384964913 48.38421750399359 43.86830095732719 42.682523611000626 43.207847580379884 45.33268629587474 43.44792554187157 42.53726900912087 42.32209866739962 44.22526335807915 45.54644524610216 49.187887779993474 42.31186823820946 42.98153765148149 44.05074271160065 44.46192524063945 43.77498641320206 43.24444001998644 43.52353826463756 43.221990972646324 44.686827246286 44.10913113936765 43.15789656081309 44.19394034955403 45.09824174563112 44.2681559465238 43.11023711521906 43.09879411403207
Twist, 42.112759769919144 42.87436985029211 42.47199632061283 41.92594457402704 42.29050529620304 41.031027959570665 42.49585486542753 43.70895059901805 41.67081009265157 42.05461921069874 42.936849621405074 42.26026653469988 43.391063264946986 42.931092414641284 42.306217921686304 42.06139589653306 41.79521308132917 42.08388220446347 42.805658524834435 40.981449773975264 44.737586329666385 43.01313099924073 42.72784839242358 42.910582651303656 42.683283636218846 41.7526163824932 42.85410469458077 42.836656230604945 43.48572817443733 42.48723207929689 42.57114967830683 42.084181496419504 42.52299119390206 41.37415637184044 42.00786224481796 42.049246567897924 42.64702047665788 41.20742852491124 40.87186267335543 42.8337007175032 43.13894038293005 42.469167929731896 40.63000487428065 41.783371563598806 41.91210474807325 41.570613167741485 42.269934470598976 41.90883115835353 43.20564510829562 42.64625483455257 41.41796456666074 42.835300039077595 41.84751429453707 42.417159000793134 42.26234355969867 42.82874285945445 42.1705745005634 42.77956524592261